Question,Answer,Chapter
Who was the father of Isaiah?, Amoz Isaiah 1:1,1
Bonus Question: For 5 points each list the 4 kings of Judah mentioned in Isaiah chapter 1," Uzziah, Jotham, Ahaz, Hezekiah Isaiah 1:1",1
"According to Isaiah chapter 1, who was Isaiah's vision concerning?", Judah and Jerusalem Isaiah 1:1,1
"In Isaiah chapter 1 God said he nourished and brought up children, how did He say they responded?", They rebelled against Him Isaiah 1:2,1
"In Isaiah chapter 1, to what or whom did God say to give ear?", (O) earth Isaiah 1:2,1
What or who does does the Lord call to hear His complaint against Judah in Isaiah chapter 1?, Heaven and earth – Isaiah 1:2,1
What of his master did Isaiah say the ass knew?, His crib Isaiah 1:3,1
What two animals does the Lord mention as knowing their owner and master?, The ox and the ass – Isaiah 1:3,1
"Isaiah described Judah as a sinful nation, a people laden with iniquity, a seed of evildoers, children that are corrupters. What next did he say about them?", a seed of evildoers Isaiah 1:4,1
"Isaiah described Judah as a sinful nation, a people laden with iniquity, a seed of evildoers. What next did he say about them?", children that are corrupters Isaiah 1:4,1
"After saying that Judah had provoked the Holy One of Israel unto anger, what did the verse next say?", they are gone away backward Isaiah 1:4,1
"Be specific, according to Isaiah chapter 1, who have the people forsaken?", The Lord Isaiah 1:4,1
"What, according to Isaiah chapter 1 have the people done to the Holy One of Israel?", Provoked Him unto anger – Isaiah 1:4,1
"Complete the verse, Why should ye be stricken any more? Ye will revolt more and more"," the whole head is sick, and the whole heart faint Isaiah 1:5",1
"FIB two blanks - From the _____ of the foot even unto the ____ there is no soundness in it, but wounds, and bruises, and putrifying sores, they have not been closed, neither bound up, neither mollified with ointment.","  sole, head  Isaiah 1:6",1
"FIB two blanks - From the sole of the foot even unto the head there is no _____ in it, but wounds, and bruises, and putrifying sores, they have not been closed, neither bound up, neither mollified with _____."," soundness, ointment   Isaiah 1:6",1
"FIB two blanks - From the sole of the foot even unto the head there is no soundness in it, but ____, and bruises, and putrifying ____, they have not been closed, neither bound up, neither mollified with ointment."," wounds, sores   Isaiah 1:6",1
What did Isaiah say that the wounds and bruises of Judah not been mollified with?, ointment Isaiah 1:6,1
What in addition to wounds and bruises did the people of Judah have?, putrifying sores Isaiah 1:6,1
"According to Isaiah chapter 1, who would devour their land in their presence?", strangers Isaiah 1:7,1
The daughter of Zion (Jerusalem) is described as left as a cottage in where?, a vineyard Isaiah 1:8,1
"After describing the daughter of Zion (Jerusalem) as a besieged city, what did Isaiah say that God left?", a (very small) remnant Isaiah 1:9,1
What did God say he was full of?, the burnt offerings of ram (and the fat of fed beasts) Isaiah 1:11,1
Bonus Question: For 5 points each list the 3 animals God said he did not delight in?," (blood of) bullocks, lambs, he goats Isaiah 1:11",1
What did God describe as an abomination to him?, Incense Isaiah 1:13,1
Bonus Question: For 5 points each list any of the 3 things God called an iniquity in Isaiah chapter 1?," new moons, sabbaths, calling of assemblies Isaiah 1:13",1
What 2 things did God say that his soul hateth?, their new moons and appointed feasts Isaiah 1:14,1
What did God say he would do when the people of Judah spread forth their hands?, hide his eyes from them Isaiah 1:15,1
What will God do when they spread forth their hands?, Hide His eyes – Isaiah 1:15,1
Why did God say he would not hear the many prayers of the people of Judah?, Their hands were full of blood Isaiah 1:15,1
"FIB 2 blanks - Wash you, make you ____, put away the evil of your doings from before mine ____, cease to do evil"," clean, eyes Isaiah 1:16",1
"Complete the verse - Learn to do well, seek judgment, relieve the oppressed, judge the fatherless",  plead for the widow. - Isaiah 1:17,1
"According to Isaiah chapter 1, what should the people of Judah do for the fatherless?", Judge them - Isaiah 1:17,1
What did Isaiah say the people of Judah should do for the oppressed?, Relieve them - Isaiah 1:17,1
Whom are they commanded to relieve?, The oppressed – Isaiah 1:17,1
For whom are they told to plead?, The widow – Isaiah 1:17,1
"God invited the people of Judah to reason together, what did He say would happen to their sins which were like scarlet?", they shall be white as snow - Isaiah 1:18,1
"God invited the people of Judah to reason together, what did He say would happen to their sins which were red as crimson?", they shall be as wool - Isaiah 1:18,1
"What condition did God give the people of Judah when He said ""ye shall eat the good of the land""? ", If ye be willing and obedient. Isaiah 1:19,1
"What did God say would happen when He said ""If ye be willing and obedient""", ye shall eat the good of the land - Isaiah 1:19,1
What did God warn the people of Judah would happen if they refused and rebelled?, Ye shall be devoured with the sword - Isaiah 1:20,1
"God lamented, ""How is the faithful city become an harlot!"" What did He say it was full of?", Judgment - Isaiah 1:21,1
"According to Isaiah, what has the faithful city become?", An harlot - Isaiah 1:21,1
"Isaiah warned that Judah's silver is  become dross, what was their wine mixed with?", water - Isaiah 1:22,1
"According to Isaiah chapter 1, what had happened to their silver?", It had become dross – Isaiah 1:22,1
Isaiah warned that their princes were rebellious and companions of thieves. What did he say that everyone loveth?, gifts - Isaiah 1:23,1
"God warned Judah that he would turn His hand on them, what would he purge away?", their dross - Isaiah 1:25,1
God promised that He would restore their judges and their counselors. What two things would they be called as a result?," The city of righteousness, the faithful city Isaiah 1:26",1
"God said that Zion would be redeemed with judgements, what would her converts be redeemed with?", righteousness - Isaiah 1:27,1
Isaiah said that the mountain of the Lord's house shall be established in the  top of the mountains. What would it be exalted above?, the hills - Isaiah 2:2,2
Isaiah said that the mountain of the Lord's house shall be established in the  top of the mountains. What would flow into it?, all nations - Isaiah 2:2,2
What did God say the people would beat their swords into?, plowshares - Isaiah 2:4,2
What did God say the people would beat their spears into?, pruninghooks - Isaiah 2:4,2
"According to Isaiah, what of the people did God say they would beat into pruninghooks?", their spears - Isaiah 2:4,2
"Isaiah said nation shall not lift up sword against nation, what did he say they would not learn any more?", war - Isaiah 2:4,2
"According to Isaiah, what of the people did God say they would beat into pruninghooks?", their spears - Isaiah 2:4,2
"Talking to the house of Jacob, Isaiah compared them with soothsayers like who?", the Philistines - Isaiah 2:6,2
"God warned Judah that their land was full of silver and gold and treasures, what other 2 things did he say they were full of or had lots of?"," horses, chariots - Isaiah 2:7",2
What did Isaiah say the people had made with their own hands?, idols - Isaiah 2:8 ,2
"Isaiah said that the mean man boweth down, and the great man humbleth himself (before idols), what was God's response?", (therefore) forgive them not - Isaiah 2:9,2
How would the mean man and the great man respond for the fear of the Lord?, enter into the rock and hide in the dust - Isaiah 2:10,2
"Isaiah said that the lofty looks of men shall be humbled, what of men did he say will be bowed down?", haughtiness of men - Isaiah 2:11,2
"Isaiah said that the lofty looks and haughtiness of men will be brought low, who alone did he say would be exalted?", the Lord - Isaiah 2:11,2
What two trees did God compare lofty and haughty men?," Cedars (of Lebanon), and Oaks (of Bashan) - Isaiah 2:13",2
What did God say he would utterly abolish?, the idols - Isaiah 2:18,2
Bonus Question: For 5 points each list the two places people would go to for fear of the Lord and the glory of his majesty?," to the holes of the rocks, to the caves of the earth - Isaiah 2:19",2
Bonus Question: For 5 points each list the two places that men should cast their idols of silver and gold?," To the moles, to the bats - Isaiah 2:20",2
"Bonus Question: For 5 points each list the two places that men would flee after they cast their idols of silver and gold to the moles and bats, where would they flee?"," into the clifts of the rocks, into the tops of the ragged rocks - Isaiah 2:21",2
God warned that man's breath is in his nostrils who did He say we should respond to them (why should we not take advise from them)?, Cease ye from man - Isaiah 2:22,2
"Bonus Question: In Isaiah chapter 2, God warns Judah that their land has no end of, or is full of these 6 things. For 5 points each name any 3 of these things"," silver, gold, (silver and gold), treasures, horses, chariots, idols - Isaiah 2:7-8",2
"Bonus Question: Besides the cedars of Lebanon and the oaks of Bashan, God mentioned 6 things which would bee brought low. For 5 points each list any 4"," high mountains, hills, high tower, fenced wall, ships of Tarshish, pleasant picture - Isaiah 2:14-16",2
What two stays (supplies) did the Lord say he would take away from Jerusalem and Judah?," bread, water - Isaiah 3:1",3
Who did God say would rule over the captain of fifty?, babes - Isaiah 3:4,3
Who did God say would be the princes to the eloquent orator?, children - Isaiah 3:4,3
"According to Isaiah, who would the child behave himself proudly against?", the ancient - Isaiah 3:5,3
"According to Isaiah, who would the base behave himself proudly against?", the honorable - Isaiah 3:5,3
Who will behave himself proudly against the honourable, The base - Isaiah 3:5,3
"According to Isaiah, the what reason would a man give for taking hold of his brother and telling him to be their ruler?", Thou hast clothing (a coat) - Isaiah 3:6,3
"According to Isaiah, what reason would a brother give for not accepting the demand to be their ruler?", he had neither bread nor clothing - Isaiah 3:7,3
"Isaiah says Jerusalem is ruined and Judah is fallen, what of God's glory did they provoke?", the eye - Isaiah 3:8,3
"According to Isaiah, what city does Jerusalem and Judah declare their sin as?", Sodom - Isaiah 3:9,3
"According to Isaiah, what will the righteous eat?", the fruit of their doings - Isaiah 3:10,3
"In speaking of his people, Isaiah says children are their oppressors, who does he say rules over them?", women - Isaiah 3:12,3
Where did Isaiah say that the spoil of the poor was?, in their houses (ancients and princes) - isaiah 3:14,3
What did God say that the ancients and princes did to the faces of the poor?, they grind them - Isaiah 3:15,3
Who did the Lord say were haughty and walked with stretched forth necks and wanton eyes?, the daughters of Zion (Jerusalem and Judah) - Isaiah 3:16,3
What did the Lord say the daughters of Zion make with their feet as they walked?, a tinkling - Isaiah 3:16,3
What did the Lord say He would smite the crown of the heads of the daughters of Zion with?, a scab - Isaiah 3:17,3
What did the Lord say the daughters of Zion would have instead of well set hair?, baldness - Isaiah 3:24,3
What did the Lord say the daughters of Zion would have instead of a girdle?, a rent - Isaiah 3:24,3
Bonus Question: For 5 points each list any 3 of the 21 Things which God said he would take away from the daughters of Zion," the bravery of their tinkling ornaments (about their feet), their cauls, round  tires like the moon (necklaces), chains, bracelets, mufflers, bonnets, ornaments of the legs, headbands, tablets, earrings, rings, nose jewels, changeable suits of apparell, mantles, wimples, crisping pins, glasses, fine linen, hoods, vails - Isaiah 3:18-23",3
"According to Isaiah, 7 women would take hold of 1 man. What did they say they would eat?", their own bread - Isaiah 4:1,4
"According to Isaiah, 7 women would take hold of 1 man. What did they want taken away?", their reproach - Isaiah 4:1,4
"According to Isaiah, 7 women would take hold of 1 man. What did they want to be called by?", to be called by their name (the man's) - Isaiah 4:1,4
"According to Isaiah, 7 women would take hold of 1 man. What did they say they would eat?", their own bread - Isaiah 4:1,4
"According to Isaiah, 7 women would take hold of 1 man. What did they want taken away?", their reproach - Isaiah 4:1,4
"According to Isaiah, 7 women would take hold of 1 man. What did they want to be called by?", to be called by their name (the man's) - Isaiah 4:1,4
"Along with beautiful, what word did Isaiah 4 use to describe the branch of the Lord?","glorious, Isaiah 4:2",4
"In Isaiah, what was described as excellent and comely for them that are escaped of Isarel?","the fruit of the earth, Isaiah 4:2",4
Isaiah said that the fruit of the earth shall be excellent and comley for who?,"them that are escaped of Israel, Isaiah 4:2",4
"FIB with one blank: And it shall come to pass that he that is left in ___, and he that remainteth in Jersualem shall be called holy.","Zion, Isaiah 4:3",4
Isaiah states that he that is left in Zion and remains in Jerusalem shall be called what?,"holy, Isaiah 4:3",4
"Along with the spirit of judgement, by what spirit would the Lord wash away the filth of the daughters of Zion?","burning, Isaiah 4:4",4
"Along with the spirit of burning, by what spirit would the Lord wash away the filth of the daughters of Zion?","judgement, Isaiah 4:4",4
"Isaiah 4:4 describes the washing away of the filth of the daughters of Zion. It also describes the purging of what, of Jersualem?","the blood, Isaiah 4:4",4
"FIB with the same word: And shall have purged the blood of Jerusalem from the midst thereof by the ___ of judgement, and by the ___ of burning.","spirit, Isaiah 4:4",4
"By day, what would the Lord create upon every dwelling place of mount Zion?","a cloud and smoke, Isaiah 4:5",4
"Isaiah said that by night, the Lord will create what upon every dwelling place of mount Zion?","the shining of a flaming fire, Isaiah 4:5",4
FIB from Isaiah 4: For upon all the glory shall be a ___.,"defense, Isaiah 4:5",4
FIB from Isaiah 4: For upon all the ___ shall be a defense.,"glory, Isaiah 4:5",4
"FIB with one blank: And there shall be a ___ for a shadow in the day time from the heat, and for a place of refuge...","tabernacle, Isaiah 4:6",4
"FIB with one blank: And there shall be a tabernacle for a ___ in the day time from the heat, and for a place of refuge...","shadow, Isaiah 4:6",4
"Isaiah said that there shall be what, which would serve as a place of refuge?","a tabernacle, Isaiah 4:6",4
Isaiah described a tabernacle which would be a covert from what two things?,"storm and rain, Isaiah 4:6",4
To whom was the song of the vineyard in Isaiah sung?, to my wellbeloved - Isaiah 5:1,5
According to Isaiah where was the vineyard planted?, in a very fruitful hill - Isaiah 5:1,5
To whom was the song of the vineyard in Isaiah sung?, to my wellbeloved - Isaiah 5:1,5
According to Isaiah where was the vineyard planted?, in a very fruitful hill - Isaiah 5:1,5
What did my wellbeloved build in the midst of his vineyard?, a tower - Isaiah 5:2,5
"Be specific, according to Isaiah, what did my wellbeloved plan in his vineyard?", the choicest vine - Isaiah 5:2,5
What did my wellbeloved build in the midst of his vineyard?, a tower - Isaiah 5:2,5
"Be specific, according to Isaiah, what did my wellbeloved plan in his vineyard?", the choicest vine - Isaiah 5:2,5
My wellbeloved looked that his vineyard should bring forth grapes. What kind of grapes did it bring forth?,"wild, Isaiah 5:2",5
"FIB with one blank: And now, O inhabitants of Jerusalem, and men of Judah, ___, I pray you, betwixt me and my vineyard.","judge, Isaiah 5:3",5
"FIB with one blank: And now, O inhabitants of Jerusalem, and men of Judah, judge, I pray you, betwixt me and my ___.","vineyard, Isaiah 5:3",5
What will be done to the hedge of the vineyard, It shall be taken away - Isaiah 5:5,5
What will happen to the wall of the vineyard, It shall be broken down - Isaiah 5:5,5
What will be done to the hedge of the vineyard causing it to be eaten up?, It shall be taken away - Isaiah 5:5,5
What will happen to the wall of the vineyard causing it to be trodden down?, It shall be broken down - Isaiah 5:5,5
What did Isaiah say would happen to the vineyard after he takes away the hedge?,"it shall be eaten up, Isaiah 5:5",5
What did Isaiah say would happen to the vineyard after he breaks down the wall?,"it shall be trodden down, Isaiah 5:5",5
"After the wellbeloved breaks down the vineyard, what will come up out of it?", briers and thorns - Isaiah 5:6,5
In the parable of the vineyard what will God command the clouds not to do, Rain rain upon it - Isaiah 5:6,5
"Bonus for 10: FIB: And I will lay it waste, it shall not be ___, nor ___, but there shall come up briers and thorns.","pruned, digged, Isaiah 5:6",5
"Bonus for 10: FIB: And I will lay it waste, it shall not be pruned, nor digged, but there shall come up ___ and ___.","briers, thorns, Isaiah 5:6",5
"After the wellbeloved breaks down the vineyard, what will come up out of it?", briers and thorns - Isaiah 5:6,5
In the parable of the vineyard what will God command the clouds not to do, Rain rain upon it - Isaiah 5:6,5
"According to Isaiah, what is the vineyard of the Lord of hosts?", the house of Israel - Isaiah 5:7,5
"According to Isaiah, what is the vineyard of the Lord of hosts?", the house of Israel - Isaiah 5:7,5
"FIB with one blank: For the ___ of the Lord of hosts is the house of Israel, and the men of Judah his pleasant plant.","vineyard, Isaiah 5:7",5
What did Isaiah describe was the Lord's pleasant fruit?,"the men of Judah, Isaiah 5:7",5
The Lord looked for judgement but beheld oppression. He looked for righteousness but beheld what?,"a cry, Isaiah 5:7",5
The Lord looked for righteousness but beheld a cry. What did he look for and behold oppresion?,"judgement, Isaiah 5:7",5
What word did God say to them that join house to house and field to field (to keep others out)?, woe - Isaiah 5:8,5
What word did God say to them that join house to house and field to field (to keep others out)?, woe - Isaiah 5:8,5
"FIB with the same word: Woe unto them that join ___ to ___, that lay field to field, till there be no place...","house, Isaiah 5:8",5
"FIB with the same word: Woe unto them that join house to house, that lay ___ to ___, till there be no place...","field, Isaiah 5:8",5
"FIB with one blank: Of a truth many ___ shall be desolate, even great and fair, without inhabitant.","houses, Isaiah 5:9",5
"FIB with one blank: Of a truth many houses shall be ___, even great and fair, without inhabitant.","desolate, Isaiah 5:9",5
"FIB with one blank: Of a truth many houses shall be desolate, even great and fair, without ___.","inhabitant, Isaiah 5:9",5
"According to Isaiah, how much would 10 acres of vineyard yield?", one bath (of wine) I- Isaiah 5:10,5
"According to Isaiah, how much would 10 acres of vineyard yield?", one bath (of wine) I- Isaiah 5:10,5
It was said that how many acres of vineyard shall yield one bath?,"ten, Isaiah 5:10",5
Ten acres of vineyard shall yield one bath. What was said to yield an ephah?,"the seed of an homer, Isaiah 5:10",5
What did Isaiah say the seed of an homer would yield?,"an ephah, Isaiah 5:10",5
For what reason did Isaiah say that people rose up early in the morning?, to follow strong drink - Isaiah 5:11,5
For what reason did Isaiah say that people would rise up early in the morning?, to follow strong drink - Isaiah 5:11,5
Isaiah says woe unto them that rise early in the morning. What did he say would inflame them as they continue until night?,"wine, Isaiah 5:11",5
"Bonus for 20: Along with wine, what four instruments did Isaiah say are in the feasts of those that rise up early in the morning?","harp, viol, tabret, pipe, Isaiah 5:12",5
"Through Isaiah, the Lord of hosts said his people had gone into what, because they have no knowledge?","captivity, Isaiah 5:13",5
"The Lord said that his people's honourable men were what, as their multitude dried up with thrist?","famished, Isaiah 5:13",5
Who did the Lord say dried up with thirst as the honourable men famished?,"[their] multitudes, Isaiah 5:13",5
It was said that hell enlarged herself and opened what without measure?,"her mouth, Isaiah 5:14",5
What was descrbed as enlarging herself and opening her mouth without measure?,"hell, Isaiah 5:14",5
"Their glory, their multitude, and their pomp, and he that rejoiceth shall do what?","descend into it (hell), Isaiah 5:14",5
"Bonus for 15: FIB referring to hell: Their ___, and their ___, and their ___, and he that rejoiceth, shall descend into it.","glory, multitude, pomp, Isaiah 5:14",5
"What kind of man shall be brought down, as the mighty man is humbled?","the mean man, Isaiah 5:15",5
The mean man shall be brought down. Who shall be humbled?,"the mighty man, Isaiah 5:15",5
FIB with one blank: The ___ of the lofty shall be humbled.,"eyes, Isaiah 5:15",5
FIB with one blank: The eyes of the ___ shall be humbled.,"lofty, Isaiah 5:15",5
"FIB with one word: Then shall the ___ feed after their manner, and the waste places of the fat ones shall strangers eat.","lambs, Isaiah 5:17",5
"Isaiah 5 says, Woe unto them that draw what with cords of vanity?","iniquity, Isaiah 5:18",5
"Isaiah said, Woe unto them that draw iniquity with cords of vanity and draw sin with what?","a cart rope, Isaiah 5:18",5
"FIB with one blank: They say, Let them make ___, and hasten his work, that we may see it.","speed, Isaiah 5:19",5
"Isaiah 5:20 says Woe utno them that call evil good, put darkness for light, and put bitter for what","sweet, Isaiah 5:20",5
"FIB with one blank: Woe unto them that are wise in their own eyes, and ___ in their own sight!","prudent, Isaiah 5:21",5
"Isaiah says, woe unto them that are mighty to drink wine. It also mentions men of strength that mingle what?","strong drink, Isaiah 5:22",5
"FIB with one blank: Which justify the ___ for reward, and take away the righteousness of the righteous from him!","wicked, Isaiah 5:23",5
"FIB with one blank: Which justify the wicked for ___, and take away the righteousness of the righteous from him!","reward, Isaiah 5:23",5
"Bonus for 20: FIB: Therefore as the fire devoureth the ___, and the flame consumeth the ___, so their ___ shall be as rottenness, and their blossom shall go up as ___.","stubble, chaff, root, dust, Isaiah 5:24",5
"What of the Lord was kindled against his people, according to Isaiah?","his anger, Isaiah 5:25",5
"Isaiah said that the Lord hath smitten his people. What did the hill so, as their carcases were torn?","trembled, Isaiah 5:25",5
"FIB with one blank: And he will lift up an ensign to the nations from ___, and will hiss unto them from the end of the earth.","far, Isaiah 5:26",5
"FIB with one blank: And he will lift up an ensign to the ___ from far, and will hiss unto them from the end of the earth.","nations, Isaiah 5:26",5
"Be specific, how would the nations from far come to the Lord's people when he lifts up an ensign?","with speed swiftly, Isaiah 5:26",5
None of the far nations shall be weary nor stumble among them. What of them would not be loosed?,"the girdle of their loins, Isaiah 5:27",5
"According to Isaiah 5, what of the far nations would not be broken?","the latched of their shoes, Isaiah 5:27",5
Their bows were bent. What of the far nations would be sharp?,"their arrows, Isaiah 5:28",5
Isaiah described nations from afar. What of them would be counted like flint?,"their horses' hoofs, Isaiah 5:28",5
"Their arrows are sharp, and all their bows bent. How were the wheels of the far nations described?","like a whirlwind, Isaiah 5:28",5
What of the far nations did Isaiah say would be like a lion?,"their roaring, Isaiah 5:29",5
What year did Isaiah see the Lord sitting upon a throne?, In the year king Uzziah died - Isaiah 6:1,6
What was special about the train of the Lord which Isaiah saw?, It filled the temple - Isaiah 6:1,6
What filled the temple in Isaiah's vision?, His train (the hem of His robe) - Isaiah 6:1,6
How is the Lord's throne described in Isaiah's vision?, High and lifted up - Isaiah 6:1,6
When did Isaiah see his vision of the Lord sitting upon a throne?, the year king Uzziah died - Isaiah 6:1,6
What did Isaiah see above the temple of the Lord?, the seraphims - Isaiah 6:2,6
How many wings did each seraphim have?, six - Isaiah 6:2,6
"According to Isaiah, who spoke the following words? ""Holy, holy, holy, is the Lord of hosts, the whole world is full of his glory.""", the seraphims - Isaiah 6:3,6
"Who did the seraphims say the following words to? ""Holy, holy, holy, is the Lord of hosts, the whole world is full of his glory.""", to the other seraphim - Isaiah 6:3,6
What did one seraphim cry unto another?," Holy, holy, holy, is the LORD of hosts, the whole earth is full of his glory - Isaiah 6:3",6
"According to Isaiah, what moved at the voice of the seraphims?", the posts of the door - Isaiah 6:4,6
"According to Isaiah the posts of the door moved at the sound of the seraphim's voice, what else happened to the house?", it was filled with smoke - Isaiah 6:4,6
"According to Isaiah the house was filled with smoke at the sound of the seraphim's voice, what else happened to the house?", the posts of the door moved - Isaiah 6:4,6
What filled the house after the seraphim cried out?, Smoke - Isaiah 6:4,6
"FIB 2 blanks, Then said I, Woe is me! for I am undone, because I am a man of _____ lips, and I dwell in the midst of a people of _____ lips, for mine eyes have seen the King, the Lord of hosts.","  unclean, unclean - Isaiah 6:5",6
"FIB 2 blanks, Then said I, ___is me! for I am ____, because I am a man of unclean lips, and I dwell in the midst of a people of unclean lips, for mine eyes have seen the King, the Lord of hosts.","  woe, undone - Isaiah 6:5",6
"FIB 2 blanks, Then said I, Woe is me! for I am undone, because I am a man of unclean lips, and I dwell in the midst of a people of unclean lips, for mine ___ have seen the ___, the Lord of hosts."," eyes, King - Isaiah 6:5",6
Why did Isaiah say he was undone?," Because I am a man of unclean lips (and I dwell in the midst of a people of unclean lips, for mine eyes have seen the King the Lord of hosts)- Isaiah 6:5",6
"Be specific, what did the seraphim that flew to Isaiah have in his hand?", a live coal - Isaiah 6:6,6
"The angel flew to Isaiah with a live coal in his hand, from where did the angel get the coal?", from off the altar - Isaiah 6:6,6
What instrument did the seraphim use to take the coal from off the altar?, Tongs - Isaiah 6:6,6
Where did the seraphim lay the live coal he had taken from off the altar?, Upon Isaiah's mouth - Isaiah 6:7,6
"To whom were the following words spoken? ""Lo, this hath touched thy lips, and thine iniquity is taken away, and they sins purged.""", to Isaiah - Isaiah 6:7,6
"Who spoke the following words? ""Lo, this hath touched thy lips, and thine iniquity is taken away, and they sins purged.""", the seraphim (angel) - Isaiah 6:7,6
What happened to Isaiah's iniquity when the coal touched his mouth?, It was taken away - Isaiah 6:7,6
"What was Isaiah's response when the Lord asked ""Whom shall I send, and who will go for us?"""," Here am I, send me - Isaiah 6:8",6
What was Isaiah commanded to tell the people?," Hear ye indeed, but understand not, and see ye indeed, but perceive not - Isaiah 6:9",6
"According to the Lord's instructions to Isaiah, what of the people was to be made fat?", Their hearts - Isaiah 6:10,6
"According to the Lord's instructions to Isaiah, what of the people was to be made heavy?", Their ears - Isaiah 6:10,6
"According to the Lord's instructions to Isaiah, what of the people was to be shut?", Their eyes - Isaiah 6:10,6
Why were the people's eyes to be shut?," Lest they see with their eyes, and hear with their ears, and understand with their heart, and convert, and be healed - Isaiah 6:10",6
"Complete the verse, Then said I, Lord, how long? And he answered, Until the cities be wasted without inhabitant, and the houses without man",  and the land be utterly desolate - Isaiah 6:11,6
What fraction of the people would remain in the land?, A tenth Isaiah 6:13,6
What was the name of the son of Jotham?, Ahaz - Isaiah 7:1,7
Who was the father of Ahaz?, Jotham - Isaiah 7:1,7
Who was the grandfather of Ahaz?, Uzziah - Isaiah 7:1,7
"According to Isaiah, who was the king of Syria?", Rezin - Isaiah 7:1,7
"According to Isaiah, who was Remaliah's son?", Pekah - Isaiah 7:1,7
What was Pekah king of according to Isaiah?, king of Israel - Isaiah 7:1,7
What 2 kings went up to war against Jerusalem according to Isaiah chapter 7?," Rezin king of Syria, Pekah king of Israel - Isaiah 7:1",7
"According to Isaiah, who was told that Syria was confederate with Ephraim (Israel)?", The house of David (Ahaz) - Isaiah 7:2,7
Who did the Lord instruct Isaiah to take with him when he was sent to meet with Ahaz?, Shear jashub his son - Isaiah 7:3,7
"FIB 2 blanks, Then said the Lord unto Isaiah, Go forth now to meet Ahaz, thou, and Shearjashub thy son, at the end of the _______ of the upper pool in the highway of the ______ field"," conduit, fuller's - Isaiah 7:3",7
What did God compare Pekah and Rezin to in Isaiah chapter 7?, two tails of smoking firebrands - Isaiah 7:4,7
Who did the Lord compare to two fails of smoking firebrands?," Rezin (king of Syria), and Pekah (king of Israel) - Isaih 7:4",7
Who did Syria and Ephraim (Israel) want to set up as a king in Judah in place of Ahaz?, the son of Tabeal - Isaiah 7:6,7
Within how many years did God say that Ephraim would be broken?, 65 years (three score and five) - Isaiah 7:6,7
"Be specific, what was God's response to the plan of Syria and Israel to replace Ahaz as king?"," It shall not stand, neither shall it come to pass - Isaiah 7:7",7
What did the Lord instruct Ahaz to do?, Ask a sign of the Lord thy God - Isaiah 7:11,7
How did king Ahaz respond when the Lord told him to ask a sign of the Lord?," I will not ask, neither will I tempt the Lord - Isaiah 7:12",7
"Complete the verse, And he said, Hear ye now, O house of David, Is it a small thing for you to weary men",  but will ye weary my God also? - Isaiah 7:13,7
"Ahaz refused to ask for a sign, the Lord gave him this sign that a virgin would conceive, what was to be the name of her son?", Immanuel - Isaiah 7:14,7
"According to Isaiah, a virgin would bring forth a son Immanuel, what would He eat?", Butter and honey - Isaiah 7:15,7
"According to Isaiah, before the child shall know to refuse evil and choose good what would happen to the land whose two kings Ahaz abhores?", the land will be forsaken of both her kings - Isaiah 7:16,7
"According to Isaiah, what nation is represented by a fly?", Egypt - Isaiah 7:18,7
"According to Isaiah, what nation is represented by a bee?", Assyria - Isaiah 7:18,7
"According to Isaiah chapter 7, where would the fly come from?", The uttermost part of the rivers of Egypt - Isaiah 7:18,7
"According to Isaiah chapter 7, where would the bee come from?", The land of Assyria - Isaiah 7:18,7
What instrument does the Lord use to shave in Isaiah chapter 7?, a razor - Isaiah 7:20,7
How is the razor in Isaiah 7 described?, that is hired - Isaiah 7:20,7
"According to Isaiah 7:20, what three parts of the body are mentioned as being shaved? "," The head, the hair of the feet, and the beard - Isaiah 7:20",7
"According to Isaiah chapter 7, in that day a man shall nourish what two animals?", a young cow and two sheep - Isaiah 7:21,7
"According to Isaiah, what will there be where there were once a thousand vines worth a thousand silverlings?", briers and thorns - Isaiah 7:23,7
What will men now come with because the land now has only briers and thorns?, arrows and bows (to hunt) - Isaiah 7:24,7
"God instructed Isaiah to take a great roll and write concerning Maher-shalal-hash-baz, what was he to write with?", a man's pen - Isaiah 8:1,8
"God instructed Isaiah to write with a man's pen concerning Maher-shalal-hash-baz, what was he to write on?", a great roll - Isaiah 8:1,8
"In chapter 8 of Isaiah, who was the prophet to write concerning?", Maher shalal hash baz (his son)  - Isaiah 8:1 ,8
"Isaiah said, associate yourself, gird yourselves and you shall be what?", broken into pieces,8
"Be specific, why did Isaiah take faithful witnesses Uriah the priest and Zechariah the son of Jeberechiah?", to record - Isaiah 8:2,8
"Be specific, how did Isaiah describe Uriah the priest and Zechariah the son of Jeberechiah?", faithful witnesses - Isaiah 8:2,8
Isaiah 8 describes two faithful witnesses. Zechariah the son of Jeberechiah and who else?,"Uriah [the priest], Isaiah 8:2",8
Isaiah 8 describes two faithful witnesses. Uriah the priest and who else?,"Zechariah the son of Jeberechiah, Isaiah 8:2",8
"Be specific, how was the mother of Maher shalal hash baz described in the book of Isaiah?", as a prophetess - Isaiah 8:3,8
"Before Isaiah's son was able to cry my father and my mother, the riches of Damascus and the spoil of Samaria would be taken away by whom?", the king of Assyria - Isaiah 8:4,8
"FIB 3 blanks, For before the child shall have knowledge to cry, My father, and my mother, the riches of _____ and the spoil of _____ shall be taken away before the king of _____."," Danascus, Samaria, Assyria - Isaiah 8:4",8
Isaiah described the king of what nation taking away the riches of Damascus and the spoil of Samaria?,"Assyria, Isaiah 8:4",8
Isaiah said that the people refused the waters of this place and instead rejoiced in Rezin and Remaliah's son. What was this place referring to?, Shiloah - Isaiah 8:6,8
"Isaiah said that the people refused the waters of Shiloah and instead rejoice in Remaliah's son (Pekah) and this person, who were they?", Rezin  - Isaiah 8:6,8
"In speaking of the king of Assyria, Isaiah said he would come up over all his channels. What did he say he would go over?", all his banks - Isaiah 8:7,8
"Bonus for 10: FIB: The Lord bringeth up upon them the waters of the ___, strong and many, even the king of ___, and all his glory.","river, Assyria, Isaiah 8:7",8
"Speaking of the king of Assyria, where did Isaiah say he would pass through when he said the following, he shall overflow and go over, (he shall reach even the neck and the stretching out of his wings shall fill the breadth of thy land).",  Judah - Isaiah 8:8,8
"What explanation did Isaiah give when he said t he following, ""Take counsel together and it shall come to nought, speak the word and it shall not stand""?", for God is with us - Isaiah 8:10,8
"Isaiah warned, take counsel together and it shall come to nought, speak the word and it shall not stand, what reason did he give?", for God is with us - Isaiah 8:10,8
How did God speak to Isaiah when he instructed him that he should not walk in the way of this people?, with a strong hand - Isaiah 8:11,8
"FIB 2 blanks with the same word, Say ye not, A _____, to all them to whom this people shall say, A _____, neither fear ye their fear, nor be afraid."," confederacy, confederacy  - Isaiah 8:12",8
"FIB 2 blanks with the same word, Say ye not, A confederacy, to all them to whom this people shall say, A confederacy, neither ____ ye their ____, nor be afraid."," Fear, fear  - Isaiah 8:12",8
"FIB 2 blanks, Sanctify the Lord of hosts himself and let him be your ____, and let him be your _____."," fear, dread - Isaiah 8:13",8
"Isaiah  said that He shall be for a sanctuary, but for a stone of stumbling and a rock of offence to both the houses of Israel, for a gin anf for snare to the inhabitants of what city?", Jerusalem - Isaiah 8:14,8
"FIB 2 blanks, Bind up the ____, seal the _____ among my disciples"," testimony, law - Isaiah 8:16",8
"Isaiah said to bind up the testimony, seal the law among whom?", my disciples - Isaiah 8:16,8
Isaiah said he would wait upon the Lord that hideth his face from the house of Jacob. What else did Isaiah say he would do?, he would look for him - Isaiah 8:17,8
Isaiah said that he and the children who the Lord gave him are for signs and wonders in Israel from the Lord of hosts. Where does the Lord dwell?, in mount Zion - Isaiah 8:18,8
"Isaiah warned, when they were told to seek  them that have familiar spirits, to wizards that peep and mutter, who should they seek instead?", their God Isaiah 8:19,8
"Isaiah warned, ""To the law and to the testimony, if they speak not according to this word it is because what?", there is no light in them Isaiah 8:20,8
"FIB 2 blanks with the same word, And they shall pass through it, hardly bestead and _____, and it shall come to pass, that when they shall be _____, they shall fret themselves, and curse their king and their God, and look upward."," hungry, hungry - Isaiah 8:21",8
"According to Isaiah, And they shall look unto the earth, and behold trouble and darkness, dimness of anguish, where or what will they be driven to?", darkness - Isaiah 8:22,8
"God instructed Isaiah to take a great scroll and write concerning Maher-shalal-hash-baz, what was he to write with?", a man's pen - Isaiah 8:1,8
"God instructed Isaiah to write with a man's pen concerning Maher-shalal-hash-baz, what was he to write on?", a great scroll - Isaiah 8:1,8
"Bonus for 10: FIB 2 blanks: Bind up the ____, seal the _____ among my disciples"," testimony, law - Isaiah 8:16",8
"Isaiah warned, when they were told to seek  them that have familiar spirits, to wizards that peep and mutter, who should they seek instead?", their God Isaiah 8:19,8
"Isaiah warned, ""To the law and to the testimony, if they speak not according to this word it is because what?", there is no light in them Isaiah 8:20,8
"What two lands beyond Jordan, in Galailee did Isaiah say were lightly afflicted?", Zebulun and Naphtali - Isaiah 9:1,9
"Isaiah said that the lands of Zebulun and Naphtali were at first lightly afflicted, what did he say happened to them by the way of the sea?", They were more greviously afflicted - Isaiah 9:1,9
Isaiah said that the people that walked in the darkness have seen a great light. Upon whom did he say that the light shined?, They that dwell in the land of the shadow of death - Isaiah 9:2,9
"According to Isaiah chapter 9, what did the people who walked in darkness see?", A great light - Isaiah 9:2,9
"According to Isaiah, thou has multiplied the nation but not increased what?", the joy - Isaiah 9:3,9
"Isaiah said thou hast broken the yoke of his burden, the staff of his shoulder, the rod of his oppressor as in the say of whom?", Midian - Isaiah 9:4,9
"Isaiah said that every battle of the warrior is with confused noise, and garments rolled in what?", blood - Isaiah 9:5,9
"Isaiah said that every battle of the warrior is with confused noise, and garments rolled in  blood, but he says this shall be with what?", Burning and fuel and fire - Isaiah 9:5,9
"Bonus for 15: Isaiah prophisied, For unto us a child is born, unto us a son is given, and the government shall be on his shoulder for 5 points each give any 3 of the 5 things his name shall be called."," Wonderful, Counsellor, The mighty God, The everlasting Father, The Prince of Peace - Isaiah 9:6",9
"Isaiah said, unto us a child is born, what was to be on his shoulder?", the government - Isaiah 9:6,9
"Isaiah said that the increase of His government and peace there shall be no end, upone the throne of whose throne and kingdom would it be?", David Isaiah 9:7,9
"Be specific, Isaiah said of the Child, upon the throne of David and upon His kingdom to order it and to establish is with what?", Judgment and with justice (for henceforth even for ever) - Isaiah 9:7,9
"Be specific, speaking of the Child, Isaiah said upon the throne of David and upon his kingdom to order and establish it with judgment even for ever. What did he say would perform this?", The zeal of the Lord of hosts. - Isaiah 9:7,9
"Isaiah said that the increase of His government and peace there shall be no end, upone the throne of whose throne and kingdom would it be?", David Isaiah 9:7,9
"According to Isaiah speaking of the Messiah, ""Of the increase of his government and peace there shall be no end."" What did he say would perform this?", The zeal of the Lord of hosts - Isaiah 9:7,9
"According to Isaiah, the Lord sent a word unto Jacob, who hath it lighted upon?", Israel - Isaiah 9:8,9
"Be specific, the Lord sent this into Jacob and it hath lighted upon Israel, what is this?", A word - Isaiah 9:8,9
"FIB 2 blanks, And all the people shall know, even ____ and the inhabitant of _____, that say in the pride and stoutness of heart"," Ephraim, Samaria  - Isaiah 9:9",9
"Isaiah said, The bricks are fallen down, but we will build with what instead?", hewn stones   - Isaiah 9:10,9
"Isaiah said, The sycomores are cut down, but we will change them into what instead?", cedars  - Isaiah 9:10,9
"Isaiah said, These are fallen down, but we will build with hewn stones.", The bricks  - Isaiah 9:10,9
"Isaiah said, These are cut down, but we will change them into cedars, what are these?", sycomores  - Isaiah 9:10,9
"According to Isaiah, the bricks are fallen down, but we will build with hewn stones, the sycamores are cut down, what would they change them into? ", cedars - Isaiah 9:10,9
"Be specific, according to Isaiah, the Lord shall set up the adversaries of Rezin against him, what will He do to his enemies?", join them together - Isaiah 9:11,9
"FIB 2 blanks, The _____ before, and the ______ behind, and they shall devour Israel with open mouth."," Syrians, Philistines -  Isaiah 9:12",9
"FIB, The Syrians before, and the Philistines behind, and they shall devour _____ with open mouth.", Israel - Isaiah 9:12,9
"Complete the verse, For the people turneth not unto him that smiteth them, neither do they seek", the Lord of hosts. - Isaiah 9:13,9
"FIB 2 blanks, Therefore the Lord will cut off from Israel ____ and _____, branch and rush, in one day.","  head, tail - Isaiah 9:14",9
"FIB 2 blanks, Therefore the Lord will cut off from Israel head and tail, ____ and ____, in one day."," branch, rush  - Isaiah 9:14",9
"Isaiah says, Therefore the Lord will cut off from Israel head and tail, branch and rush, how long did he say it would take?", one day  - Isaiah 9:14,9
"Be specific, in Isaiah chapter 9, who did the Lord describe as the head?", The ancient and honourable - Isaiah 9:15,9
"Be specific, in Isaiah chapter 9 who did the Lord describe as the tail?", The prophet that teacheth lies - Isaiah 9:15,9
"Isaiah says that the leaders cause the people to err, what will happen to them that are led of them?", they are destroyed - Isaiah 9:16,9
"Before saying that the Lord shall not have mercy on their fatherless and widows, he also said he would have no joy in who?", their young men - Isaiah 9:17,9
Why did the Lord say he would not have mercy on the fatherless and widows?, for everyone is an hypocrite and an evildoer (and every mouth speaketh folly) - Isaiah 9:17,9
"Complete the verse, For all this his anger is not turned away", but his hand is stretched out still - Isaiah 917,9
"The Lird says that wickedness burneth as the fire, what will it devour?", The briers and thorns - Isaiah 9:18,9
"The Lord said that wickedness burneth as the fire, it shall kindle in the thickets of the forest, what will they mount up like?", The lifting up of smoke - Isaiah 9:18,9
"Isaiah said that through the wrath of the Lord of hosts is the land darkened, what will no man spare?", his brother - Isaiah 9:19,9
"Isaiah said that through the wrath of the Lord of hosts is the land darkened, what will the people be as?", the fuel of the fire - Isaiah 9:19,9
"FIB 2 blanks, And he shall snatch on the ____ hand, and be hungry, and he shall eat on the ____ hand, and they shall not be satisfied"," right, left - Isaiah 9:20",9
"The Lord said in Isaiah that he will snatch on the right hand and be hungry, on the left hand and not be satisfied, what will every man eat?", the flesh of his own arm - Isaiah 9:20,9
"According to Isaiah, a man will snatch on the right hand and be hungry, on the left hand and not be satisfied, what would every man eat?", the flesh of his own arm - Isaiah 9:20,9
"Manasseh, Ephraim,, and Ephraim, Manasseh, and they together shall be against whom?", Judah  - Isaiah 9:21,9
"Bonus for 10: FIB, 2 blanks, Manasseh, Ephraim, and _____, _______, and they together shall be against Judah. For all this his anger is not turned away, but his hand is stretched out still."," Ephraim, Manasseh - Isaiah 9:21",9
"According to Isaiah 10:1, what do those decree unrighteous decrees write?"," grievousness, Isaiah 10:1",10
"According to Isaiah 10:2, from whom do the unjust turn away judgment?"," the needy, Isaiah 10:2",10
"According to Isaiah 10:2, whose right do they take away?"," the poor of my people, Isaiah 10:2",10
"According to Isaiah 10:2, who may become their prey?"," the widows, Isaiah 10:2",10
"According to Isaiah 10:2, whom may they rob?"," the fatherless, Isaiah 10:2",10
Complete the quotation from Isaiah 10:3: “And what will ye do in the day of _____?”," visitation, Isaiah 10:3",10
"According to Isaiah 10:3, from far will come what?"," desolation, Isaiah 10:3",10
"According to Isaiah 10:3, to whom shall they flee for help?"," no one, Isaiah 10:3",10
"According to Isaiah 10:3, where will they leave their glory?"," nowhere stated as a place to leave it, Isaiah 10:3",10
"Speaking for the Lord, Isaiah said, ""Without me they shall bow down under the prisoners,"" what did he say they would fall under?", The slain - Isaiah 10:4,10
Complete the quotation from Isaiah 10:4: “Without me they shall bow down under the _____”," prisoners, Isaiah 10:4",10
"According to Isaiah 10:4, under whom shall they fall?"," the slain, Isaiah 10:4",10
"Isaiah said the following ""O Assyrian, the rod of mine anger."" What did he describe the staff in their hand as?", Mine (God's) indignation - Isaiah 10:5,10
"According to Isaiah 10:5, what nation is called “the rod of mine anger”?"," Assyria, Isaiah 10:5",10
Complete the quotation from Isaiah 10:5: “and the staff in their hand is mine _____”," indignation, Isaiah 10:5",10
"According to Isaiah 10:6, against what kind of nation will the LORD send Assyria?"," an hypocritical nation, Isaiah 10:6",10
"According to Isaiah 10:6, against whom will the LORD give Assyria a charge?"," the people of my wrath, Isaiah 10:6",10
"According to Isaiah 10:6, what four actions is Assyria charged to perform?"," take the spoil, take the prey, tread them down like mire of the streets, Isaiah 10:6",10
"According to Isaiah 10:7, what is not in the heart of Assyria?"," so to do, Isaiah 10:7",10
"According to Isaiah 10:7, what is in Assyria’s heart?"," to destroy and cut off nations not a few, Isaiah 10:7",10
"According to Isaiah 10:8, what does the king of Assyria say about his princes?"," “Are not my princes altogether kings?”, Isaiah 10:8",10
"According to Isaiah 10:9, which city is mentioned first in the king of Assyria’s list?"," Calno, Isaiah 10:9",10
Complete the quotation from Isaiah 10:9: “is not Hamath as _____?”," Arpad, Isaiah 10:9",10
"According to Isaiah 10:9, what city is compared to Damascus?"," Samaria, Isaiah 10:9",10
"According to Isaiah 10:10, what had the king’s hand found?"," the kingdoms of the idols, Isaiah 10:10",10
"According to Isaiah 10:10, whose graven images excelled those of Jerusalem and Samaria?"," the kingdoms of the idols, Isaiah 10:10",10
"According to Isaiah 10:11, what two places does the king of Assyria say he will do unto as he did unto Samaria?"," Jerusalem and her idols, Isaiah 10:11",10
"According to Isaiah speaking for the Lord, ""I will punish the fruit of the stout heart"" of whom?", The king of Assyria - Isaiah 10:12,10
"According to Isaiah 10:12, where will the Lord perform His whole work?"," upon mount Zion and on Jerusalem, Isaiah 10:12",10
"According to Isaiah 10:12, what will the Lord punish in the king of Assyria?"," the fruit of the stout heart and the glory of his high looks, Isaiah 10:12",10
"According to Isaiah 10:13, by what does the king of Assyria claim to have acted?"," the strength of my hand and my wisdom, Isaiah 10:13",10
"According to Isaiah 10:13, what had he removed?"," the bounds of the people, Isaiah 10:13",10
"According to Isaiah 10:13, what had he robbed?"," their treasures, Isaiah 10:13",10
Complete the quotation from Isaiah 10:14: “and there was none that moved the _____”," wing, Isaiah 10:14",10
"According to Isaiah 10:14, what three actions were absent among the peoples?"," moved the wing, opened the mouth, peeped, Isaiah 10:14",10
"FIB 2 blanks, Shall the ____ boast itself against him that heweth therewith? or shall the ____ magnify itself against him that shaketh it?"," axe, saw  - Isaiah 10:15",10
"According to Isaiah 10:15, against whom should not the axe boast itself?"," him that heweth therewith, Isaiah 10:15",10
"According to Isaiah 10:15, against whom should not the saw magnify itself?"," him that shaketh it, Isaiah 10:15",10
"According to Isaiah 10:16, what will the Lord send among Assyria’s fat ones?"," leanness, Isaiah 10:16",10
"According to Isaiah 10:16, what will be kindled under his glory?"," a burning like the burning of a fire, Isaiah 10:16",10
"According to Isaiah 10:17, what shall the Light of Israel be for a fire?"," a fire, Isaiah 10:17",10
"According to Isaiah 10:17, what shall his Holy One be for a flame?"," a flame, Isaiah 10:17",10
"According to Isaiah 10:17, what two things will the fire consume in one day?"," his thorns and his briers, Isaiah 10:17",10
"According to Isaiah 10:18, what two things will be consumed from the forest and fruitful field?"," the glory of his forest and of his fruitful field, Isaiah 10:18",10
"According to Isaiah 10:18, from what part of a person will the consumption occur?"," both soul and body, Isaiah 10:18",10
"According to Isaiah 10:19, who will be few in number?"," the trees of his forest, Isaiah 10:19",10
"According to Isaiah 10:19, who will be able to write the remaining trees?"," a child, Isaiah 10:19",10
"According to Isaiah 10:20, upon whom shall the remnant of Israel no more stay themselves?"," upon him that smote them, Isaiah 10:20",10
"According to Isaiah 10:20, upon whom shall they stay themselves?"," the LORD, the Holy One of Israel, in truth, Isaiah 10:20",10
"Complete the quotation from Isaiah 10:21: “The remnant shall return, even the remnant of Jacob, unto the _____”"," mighty God, Isaiah 10:21",10
"According to Isaiah 10:22, what shall return though Israel be as the sand of the sea?"," a remnant of them, Isaiah 10:22",10
"According to Isaiah 10:24, in what manner shall Assyria lift up his staff against Zion?"," after the manner of Egypt, Isaiah 10:24",10
"According to Isaiah 10:26, what two historical events are referenced in describing the LORD’s scourge?"," the slaughter of Midian at the rock of Oreb and His rod upon the sea, Isaiah 10:26",10
"According to Isaiah 10:27, what shall destroy the yoke?"," the anointing, Isaiah 10:27",10
"According to Isaiah 10:28, at what city is the invader said to come?"," Aiath, Isaiah 10:28",10
"According to Isaiah 10:29, where have they taken up their lodging?"," Geba, Isaiah 10:29",10
"According to Isaiah 10:29, what city is said to flee?"," Ramah, Isaiah 10:29",10
"According to Isaiah 10:30, what daughter is told to cry aloud with her voice?"," the daughter of Gallim, Isaiah 10:30",10
"According to Isaiah 10:31, what city is removed?"," Madmenah, Isaiah 10:31",10
"According to Isaiah 10:32, at what place shall he remain that day?"," Nob, Isaiah 10:32",10
"According to Isaiah 10:32, against what two locations will he shake his hand?"," the mount of the daughter of Zion and the hill of Jerusalem, Isaiah 10:32",10
"According to Isaiah 10:33, what will the Lord lop with terror?"," the bough with terror, Isaiah 10:33",10
"According to Isaiah 10:33, what will happen to the high ones of stature?"," they shall be hewn down, Isaiah 10:33",10
"According to Isaiah 10:34, with what shall the LORD cut down the thickets of the forest?"," iron, Isaiah 10:34",10
From whose stem did Isaiah say that a rod should come?, Jesse - Isaiah 11:1,11
"Isaiah said that a rod would come from the stem of Jesse, where would the Branch grow out of?", His roots - Isaiah 11:1,11
" According to Isaiah 11:1, what shall come forth out of the stem of Jesse?"," a rod, Isaiah 11:1",11
 Complete the quotation: “And a _____ shall grow out of his roots”," Branch, Isaiah 11:1",11
" According to Isaiah 11:1, out of whose roots shall a Branch grow?"," Jesse’s roots, Isaiah 11:1",11
" According to Isaiah 11:2, what shall rest upon him?"," the spirit of the LORD, Isaiah 11:2",11
" According to Isaiah 11:2, the spirit of wisdom and what shall rest upon him?"," understanding, Isaiah 11:2",11
" According to Isaiah 11:2, the spirit of counsel and what shall rest upon him?"," might, Isaiah 11:2",11
" According to Isaiah 11:2, the spirit of knowledge and of what shall rest upon him?"," the fear of the LORD, Isaiah 11:2",11
 List the six qualities named after “the spirit of the LORD”," wisdom, understanding, counsel, might, knowledge, fear of the LORD, Isaiah 11:2",11
"In Isaiah chapter 11 it stated that a rod would come out of the stem of Jesse, what kind of understanding would He have?", Quick - Isaiah 11:3,11
"FIB 2 blanks, and he shall not ____ after the sight of his eyes, neither ______ after the hearing of his ears"," judge, reprove - Isaiah 11:3",11
"FIB 2 blanks, and he shall not judge after the sight of his ___, neither reprove after the hearing of his ____"," eyes, ears - Isaiah 11:3",11
" According to Isaiah 11:3, in what shall he be made of quick understanding?"," the fear of the LORD, Isaiah 11:3",11
" According to Isaiah 11:3, by what shall he not judge?"," the sight of his eyes, Isaiah 11:3",11
" According to Isaiah 11:3, by what shall he not reprove?"," the hearing of his ears, Isaiah 11:3",11
 Complete the quotation: “And he shall not judge after the _____ of his eyes”," sight, Isaiah 11:3",11
"Be specific, Isaiah chapter 11 says He will smite the earth with the rod of His mouth, with what would He slay the wicked?", the breath of His lips - Isaiah 11:4,11
" According to Isaiah 11:4, with what shall he judge the poor?"," righteousness, Isaiah 11:4",11
" According to Isaiah 11:4, for whom shall he reprove with equity?"," the meek of the earth, Isaiah 11:4",11
" According to Isaiah 11:4, with what shall he smite the earth?"," the rod of his mouth, Isaiah 11:4",11
" According to Isaiah 11:4, with what shall he slay the wicked?"," the breath of his lips, Isaiah 11:4",11
 Complete the quotation: “And with the breath of his _____ shall he slay the wicked”," lips, Isaiah 11:4",11
" According to Isaiah 11:5, what shall be the girdle of his loins?"," righteousness, Isaiah 11:5",11
" According to Isaiah 11:5, what shall be the girdle of his reins?"," faithfulness, Isaiah 11:5",11
 Complete the quotation: “And faithfulness the girdle of his _____”," reins, Isaiah 11:5",11
What animal did Isaiah say the wolf would dwell with?, the lamb - Isaiah 11:6,11
What animal did Isaiah say would lie down  with the kid?, the leopard - Isaiah 11:6,11
"Isaiah said the wolf shall dwell with the lamb, the calf, the young lion and the fatling together. Who did he say shall lead them?", a little child - Isaiah 11:6,11
" According to Isaiah 11:6, what animal shall dwell with the lamb?"," the wolf, Isaiah 11:6",11
" According to Isaiah 11:6, what animal shall lie down with the kid?"," the leopard, Isaiah 11:6",11
" According to Isaiah 11:6, what three animals shall be together?"," the calf, the young lion, and the fatling, Isaiah 11:6",11
" According to Isaiah 11:6, who shall lead them?"," a little child, Isaiah 11:6",11
"According to Isaiah, what would the lion eat?", straw (like the ox) - Isaiah 11:7,11
" According to Isaiah 11:7, what two animals shall feed together?"," the cow and the bear, Isaiah 11:7",11
" According to Isaiah 11:7, whose young ones shall lie down together?"," the cow’s and the bear’s, Isaiah 11:7",11
" According to Isaiah 11:7, what shall the lion eat like the ox?"," straw, Isaiah 11:7",11
"Isaiah said that the suckling child shall play on the hole of the asp, where would the weaned child put his hand?", on the cockatrice' den (poisonout snake) Isaiah 11:8,11
" According to Isaiah 11:8, who shall play on the hole of the asp?"," the sucking child, Isaiah 11:8",11
" According to Isaiah 11:8, who shall put his hand on the cockatrice’ den?"," the weaned child, Isaiah 11:8",11
 Complete the quotation: “And the weaned child shall put his hand on the _____’ den”," cockatrice, Isaiah 11:8",11
" According to Isaiah 11:9, what shall they not do in all God’s holy mountain?"," hurt nor destroy, Isaiah 11:9",11
" According to Isaiah 11:9, what shall be full of the knowledge of the LORD?"," the earth, Isaiah 11:9",11
" Complete the quotation: “For the earth shall be full of the knowledge of the LORD, as the waters cover the _____”"," sea, Isaiah 11:9",11
" According to Isaiah 11:9, in whose holy mountain shall they not hurt nor destroy?"," my holy mountain, Isaiah 11:9",11
" According to Isaiah 11:10, what shall stand for an ensign of the people?"," a root of Jesse, Isaiah 11:10",11
" According to Isaiah 11:10, who shall seek the root of Jesse?"," the Gentiles, Isaiah 11:10",11
" According to Isaiah 11:10, what shall be glorious?"," his rest, Isaiah 11:10",11
 Complete the quotation: “And his _____ shall be glorious”," rest, Isaiah 11:10",11
" According to Isaiah 11:11, what shall the Lord set his hand to do the second time?"," recover the remnant of his people, Isaiah 11:11",11
" According to Isaiah 11:11, from what country shall the remnant be recovered beginning the list?"," Assyria, Isaiah 11:11",11
" According to Isaiah 11:11, name four places from which the remnant shall be recovered."," Assyria, Egypt, Pathros, Cush, Isaiah 11:11",11
" According to Isaiah 11:11, from what islands shall the remnant be recovered?"," the islands of the sea, Isaiah 11:11",11
" According to Isaiah 11:12, for whom shall an ensign be set up?"," the nations, Isaiah 11:12",11
" According to Isaiah 11:12, whom shall he assemble?"," the outcasts of Israel, Isaiah 11:12",11
" According to Isaiah 11:12, whom shall he gather together from the four corners of the earth?"," the dispersed of Judah, Isaiah 11:12",11
"FIB 2 blanks, Ephraim shall not ____ Judah, and Judah shall not ____ Ephraim"," envy, vex - Isaiah 11:13",11
" According to Isaiah 11:13, whose envy shall depart?"," Ephraim’s, Isaiah 11:13",11
" According to Isaiah 11:13, who shall not envy Judah?"," Ephraim, Isaiah 11:13",11
" According to Isaiah 11:13, who shall not vex Ephraim?"," Judah, Isaiah 11:13",11
" According to Isaiah 11:14, upon whose shoulders shall they fly?"," the shoulders of the Philistines toward the west, Isaiah 11:14",11
" According to Isaiah 11:14, whom shall they spoil together?"," them of the east, Isaiah 11:14",11
" According to Isaiah 11:14, upon whom shall they lay their hand?"," Edom and Moab, Isaiah 11:14",11
" According to Isaiah 11:14, who shall obey them?"," the children of Ammon, Isaiah 11:14",11
" According to Isaiah 11:15, what tongue shall the LORD utterly destroy?"," the tongue of the Egyptian sea, Isaiah 11:15",11
" According to Isaiah 11:15, into how many streams shall he smite the river?"," seven streams, Isaiah 11:15",11
" According to Isaiah 11:15, how shall men go over the river?"," dryshod, Isaiah 11:15",11
"Isaah prophesied that there shall be a highway for the remnant of His people from Assyria, to what did he compare it?", to Israel (in the day he) came up out of the land of Egypt - Isaiah 11:16,11
" According to Isaiah 11:16, what shall there be for the remnant of his people?"," an highway, Isaiah 11:16",11
" According to Isaiah 11:16, from what country shall the remnant come?"," Assyria, Isaiah 11:16",11
" According to Isaiah 11:16, according to Isaiah 11:16, what historical event is used as the pattern for that highway?"," when Israel came up out of the land of Egypt, Isaiah 11:16",11
 Complete the quotation: “And there shall be an _____ for the remnant of his people”," highway, Isaiah 11:16",11
" According to Isaiah 11:16, for whom specifically shall the highway be?"," the remnant of his people which shall be left, from Assyria, Isaiah 11:16",11
"According to Isaiah 12:1, in what day will the speaker say, ""O LORD, I will praise thee""?"," In that day, Isaiah 12:1",12
"Complete the quotation from Isaiah 12:1: ""O LORD, I will _____ thee"""," praise, Isaiah 12:1",12
"According to Isaiah 12:1, with whom is the speaker speaking when he says, ""I will praise thee""?"," The LORD, Isaiah 12:1",12
"According to Isaiah 12:1, what had the LORD been with the speaker?"," Angry, Isaiah 12:1",12
"Complete the quotation: ""Though thou wast _____ with me"""," angry, Isaiah 12:1",12
"According to Isaiah 12:1, what two things are said of the LORD after His anger?"," Thine anger is turned away, and thou comfortedst me, Isaiah 12:1",12
"According to Isaiah 12:1, whose anger is said to be turned away?"," The LORD's anger, Isaiah 12:1",12
"According to Isaiah 12:1, whom did the LORD comfort?"," Me, Isaiah 12:1",12
"According to Isaiah 12:2, who is identified as the speaker's salvation?"," God, Isaiah 12:2",12
"Complete the quotation from Isaiah 12:2: ""Behold, God is my _____"""," salvation, Isaiah 12:2",12
"According to Isaiah 12:2, what will the speaker do because God is his salvation?"," Trust, Isaiah 12:2",12
"Complete the quotation: ""I will trust, and not be _____"""," afraid, Isaiah 12:2",12
"According to Isaiah 12:2, what two names are given together in the statement, ""For the LORD _____ is my strength and my song""?"," JEHOVAH, Isaiah 12:2",12
"According to Isaiah 12:2, what is the LORD JEHOVAH to the speaker besides salvation?"," My strength and my song, Isaiah 12:2",12
"According to Isaiah 12:2, who also is become the speaker's salvation?"," The LORD JEHOVAH, Isaiah 12:2",12
"Verse identification: In which verse is the statement found, ""I will trust, and not be afraid""?"," Isaih 12:2, Isaiah 12:2",12
"According to Isaiah chapter 12, who is described as both ""my strength and my song""?"," The LORD JEHOVAH, Isaiah 12:2",12
"According to Isaiah 12:3, with what shall ye draw water?"," Joy, Isaiah 12:3",12
"Complete the quotation: ""Therefore with joy shall ye draw _____"""," water, Isaiah 12:3",12
"According to Isaiah 12:3, out of what shall water be drawn?"," The wells of salvation, Isaiah 12:3",12
"According to Isaiah 12:3, how many wells are specifically mentioned?"," Wells of salvation, Isaiah 12:3",12
"Verse identification: In which verse are the ""wells of salvation"" mentioned?"," Isaiah 12:3, Isaiah 12:3",12
"According to Isaiah chapter 12, out of what shall water be drawn with joy?"," The wells of salvation, Isaiah 12:3",12
"According to Isaiah 12:4, in what day shall these actions be done?"," In that day, Isaiah 12:4",12
"According to Isaiah 12:4, what is the first command given after ""ye shall say""?"," Praise the LORD, Isaiah 12:4",12
"According to Isaiah 12:4, what are God's people instructed to call upon?"," His name, Isaiah 12:4",12
"Complete the quotation: ""Declare his _____ among the people"""," doings, Isaiah 12:4",12
"According to Isaiah 12:4, among whom are His doings to be declared?"," The people, Isaiah 12:4",12
"According to Isaiah 12:4, what are the people to make mention of?"," That his name is exalted, Isaiah 12:4",12
"Complete the quotation: ""Make mention that his name is _____"""," exalted, Isaiah 12:4",12
"According to Isaiah 12:4, whose doings are to be declared among the people?"," The LORD's, Isaiah 12:4",12
"List question: According to Isaiah 12:4, name three commands given in that verse."," Praise the LORD, call upon his name, declare his doings among the people, Isaiah 12:4",12
"According to Isaiah chapter 12, whose name is said to be exalted?"," The LORD's name, Isaiah 12:4",12
"According to Isaiah 12:5, what are people commanded to do unto the LORD?"," Sing, Isaiah 12:5",12
"Complete the quotation: ""Sing unto the LORD, for he hath done _____ things"""," excellent, Isaiah 12:5",12
"According to Isaiah 12:5, what kind of things has the LORD done?"," Excellent things, Isaiah 12:5",12
"According to Isaiah 12:5, what is known in all the earth?"," This, Isaiah 12:5",12
"Verse identification: In which verse does the phrase ""excellent things"" appear?"," Isaiah 12:5, Isaiah 12:5",12
"According to Isaiah 12:5, where is this known?"," In all the earth, Isaiah 12:5",12
"According to Isaiah 12:6, who is commanded to cry out and shout?"," Thou inhabitant of Zion, Isaiah 12:6",12
"Complete the quotation: ""Cry out and _____, thou inhabitant of Zion"""," shout, Isaiah 12:6",12
"According to Isaiah 12:6, what place is specifically named?"," Zion, Isaiah 12:6",12
"According to Isaiah 12:6, who is great in the midst of Zion?"," The Holy One of Israel, Isaiah 12:6",12
"Complete the quotation: ""For great is the Holy One of _____ in the midst of thee"""," Israel, Isaiah 12:6",12
"According to Isaiah 12:6, in the midst of whom is the Holy One of Israel great?"," Thee (the inhabitant of Zion), Isaiah 12:6",12
"Pronoun identification: According to Isaiah 12:6, to whom does the pronoun ""thee"" refer?"," The inhabitant of Zion, Isaiah 12:6",12
"According to Isaiah chapter 12, what title is given to the One who is great in the midst of Zion?"," The Holy One of Israel, Isaiah 12:6",12
"Quotation completion: ""For great is the Holy One of Israel in the midst of _____"""," thee, Isaiah 12:6",12
"List question: According to Isaiah 12:6, what two actions is the inhabitant of Zion commanded to perform?"," Cry out and shout, Isaiah 12:6",12
Verse identification: In which verse is the inhabitant of Zion addressed directly?," Isaih 12:6, Isaiah 12:6",12
Whose burden did Isaiah see in chapter 13 of his prophecy?, Babylon - Isaiah 13:1,13
"According to Isaiah 13:1, what was the burden that Isaiah the son of Amoz did see?"," The burden of Babylon, Isaiah 13:1",13
"According to Isaiah 13:1, who did see the burden of Babylon?"," Isaiah the son of Amoz, Isaiah 13:1",13
"According to Isaiah 13:2, where were the people commanded to lift up a banner?"," Upon the high mountain, Isaiah 13:2",13
"Complete the quotation: ""Lift ye up a banner upon the _____ mountain"""," high, Isaiah 13:2",13
"According to Isaiah 13:2, what were the people told to exalt?"," The voice unto them, Isaiah 13:2",13
"According to Isaiah 13:2, what were the people commanded to shake?"," The hand, Isaiah 13:2",13
"According to Isaiah 13:2, into whose gates were they to go?"," The gates of the nobles, Isaiah 13:2",13
"According to Isaiah 13:3, whom had the Lord commanded?"," My sanctified ones, Isaiah 13:3",13
"According to Isaiah 13:3, whom had the Lord called for His anger?"," My mighty ones, Isaiah 13:3",13
"Complete the quotation: ""Even them that rejoice in my _____"""," highness, Isaiah 13:3",13
"According to Isaiah 13:4, where was there a noise of a multitude?"," In the mountains, Isaiah 13:4",13
"According to Isaiah 13:4, the noise of the kingdoms was like what kind of people?"," A great people, Isaiah 13:4",13
"According to Isaiah 13:4, who mustereth the host of the battle?"," The LORD of hosts, Isaiah 13:4",13
"According to Isaiah 13:5, from where did they come?"," From a far country, Isaiah 13:5",13
"According to Isaiah 13:5, from what location did they come?"," From the end of heaven, Isaiah 13:5",13
"According to Isaiah 13:5, what came with the LORD?"," The weapons of his indignation, Isaiah 13:5",13
"According to Isaiah 13:5, what was to be destroyed?"," The whole land, Isaiah 13:5",13
"Complete the quotation: ""Howl ye, for the day of the LORD is _____"""," at hand, Isaiah 13:6",13
"According to Isaiah 13:6, as what shall the day of the LORD come?"," As a destruction from the Almighty, Isaiah 13:6",13
"According to Isaiah 13:7, what shall be faint?"," All hands, Isaiah 13:7",13
"According to Isaiah 13:7, what shall melt?"," Every man's heart, Isaiah 13:7",13
"According to Isaiah 13:8, with what shall they be afraid?"," Pangs and sorrows, Isaiah 13:8",13
"According to Isaiah 13:8, to whom are they compared in their pain?"," A woman that travaileth, Isaiah 13:8",13
"According to Isaiah 13:8, how shall they look one toward another?"," They shall be amazed one at another, Isaiah 13:8",13
"According to Isaiah 13:8, what shall their faces be as?"," As flames, Isaiah 13:8",13
"According to Isaiah 13:9, how is the day of the LORD described?"," Cruel both with wrath and fierce anger, Isaiah 13:9",13
"According to Isaiah 13:9, what will the day of the LORD make?"," The land desolate, Isaiah 13:9",13
"According to Isaiah 13:9, whom shall He destroy out of it?"," The sinners thereof, Isaiah 13:9",13
"According to Isaiah 13, what would happen to the sun?", It would be darkened - Isaiah 13:10,13
"According to Isaiah 13:10, what shall not give their light?"," The stars of heaven and the constellations thereof, Isaiah 13:10",13
"According to Isaiah 13:10, what shall be darkened in his going forth?"," The sun, Isaiah 13:10",13
"According to Isaiah 13:10, what shall not cause her light to shine?"," The moon, Isaiah 13:10",13
"According to Isaiah 13:11, for what will the LORD punish the world?"," Their evil, Isaiah 13:11",13
"According to Isaiah 13:11, for what will the LORD punish the wicked?"," Their iniquity, Isaiah 13:11",13
"According to Isaiah 13:11, whose arrogancy will the LORD cause to cease?"," The proud, Isaiah 13:11",13
"Complete the quotation: ""I will lay low the haughtiness of the _____"""," terrible, Isaiah 13:11",13
"According to Isaiah 13:12, what will the LORD make more precious than fine gold?"," A man, Isaiah 13:12",13
"According to Isaiah 13:12, a man shall be more precious than what gold?"," The golden wedge of Ophir, Isaiah 13:12",13
"According to Isaiah 13:13, what will the LORD shake?"," The heavens, Isaiah 13:13",13
"According to Isaiah 13:13, what shall remove out of her place?"," The earth, Isaiah 13:13",13
"According to Isaiah 13:13, in what shall this occur?"," In the wrath of the LORD of hosts, and in the day of his fierce anger, Isaiah 13:13",13
"According to Isaiah 13:14, like what shall the people be?"," A chased roe, Isaiah 13:14",13
"According to Isaiah 13:14, like what else shall they be?"," A sheep that no man taketh up, Isaiah 13:14",13
"According to Isaiah 13:14, where shall every man turn?"," To his own people, Isaiah 13:14",13
"According to Isaiah 13:14, where shall every one flee?"," Into his own land, Isaiah 13:14",13
"According to Isaiah 13:15, what shall happen to every one that is found?"," They shall be thrust through, Isaiah 13:15",13
"According to Isaiah 13:15, what shall happen to every one that is joined unto them?"," They shall fall by the sword, Isaiah 13:15",13
"In Isaiah chapter 13, who did God say shall be dashed to pieces before their (Babylonian's) eyes?", Their children - Isaiah 13:16,13
"According to Isaiah 13:16, what shall be dashed to pieces before their eyes?"," Their children, Isaiah 13:16",13
"According to Isaiah 13:16, what shall be spoiled?"," Their houses, Isaiah 13:16",13
"According to Isaiah 13:16, what shall happen to their wives?"," They shall be ravished, Isaiah 13:16",13
Who did Isaiah say would not delight in gold?, the Medes - Isaiah 13:17,13
Who did Isaiah say the Lord would stir up against the Babylonians?, The Medes Isaiah 13:17,13
"According to Isaiah 13:17, whom would the LORD stir up against them?"," The Medes, Isaiah 13:17",13
"According to Isaiah 13:17, what would the Medes not regard?"," Silver, Isaiah 13:17",13
"According to Isaiah 13:17, in what would the Medes not delight?"," Gold, Isaiah 13:17",13
What did Isaiah say the bows of the Medes would do?, Dash the young men (of Babylon) to pieces - Isaiah 13:18,13
"According to Isaiah 13:18, what shall dash the young men to pieces?"," Their bows, Isaiah 13:18",13
"According to Isaiah 13:18, on whom shall they have no pity?"," The fruit of the womb, Isaiah 13:18",13
"According to Isaiah 13:18, on whom shall their eye not spare?"," Children, Isaiah 13:18",13
"To what did Isaiah compare Babylon, the beauty of the Chaldee's excellency?", As when God overthrew Sodom and Gomorrah - Isaiah 13:19,13
"According to Isaiah 13:19, what city is called ""the glory of kingdoms""?"," Babylon, Isaiah 13:19",13
"According to Isaiah 13:19, whose excellency is Babylon called?"," The Chaldees' excellency, Isaiah 13:19",13
"According to Isaiah 13:19, Babylon shall be as what two cities when God overthrew them?"," Sodom and Gomorrah, Isaiah 13:19",13
"According to Isaiah 13:20, how long shall Babylon be inhabited?"," It shall never be inhabited, Isaiah 13:20",13
"According to Isaiah 13:20, who shall not pitch tent there?"," The Arabian, Isaiah 13:20",13
"According to Isaiah 13:20, who shall not make their fold there?"," Shepherds, Isaiah 13:20",13
"According to Isaiah 13:21, what shall lie there?"," Wild beasts of the desert, Isaiah 13:21",13
"According to Isaiah 13:21, what shall fill their houses?"," Doleful creatures, Isaiah 13:21",13
"According to Isaiah 13:21, what birds shall dwell there?"," Owls, Isaiah 13:21",13
"According to Isaiah 13:21, what shall dance there?"," Satyrs, Isaiah 13:21",13
"According to Isaiah 13:22, what shall cry in their desolate houses?"," The wild beasts of the islands, Isaiah 13:22",13
"According to Isaiah 13:22, what shall cry in their pleasant palaces?"," Dragons, Isaiah 13:22",13
"Complete the quotation: ""And her time is near to come, and her days shall not be _____"""," prolonged, Isaiah 13:22",13
"According to Isaiah 14:1, whom will the LORD yet choose?"," Israel, Isaiah 14:1",14
"According to Isaiah 14:1, upon whom will the LORD yet set them?"," Their own land, Isaiah 14:1",14
"Complete the quotation from Isaiah 14:1: ""and the strangers shall be _____ with them"""," joined, Isaiah 14:1",14
"According to Isaiah 14:1, to whose house shall the strangers cleave?"," The house of Jacob, Isaiah 14:1",14
"According to Isaiah 14:2, who shall take them and bring them to their place?"," The people, Isaiah 14:2",14
"According to Isaiah 14:2, whom shall the house of Israel possess in the land of the LORD?"," Them for servants and handmaids, Isaiah 14:2",14
"According to Isaiah 14:2, over whom shall Israel rule?"," Their oppressors, Isaiah 14:2",14
"According to Isaiah 14:3, from what shall the LORD give thee rest?"," Thy sorrow, thy fear, and the hard bondage wherein thou wast made to serve, Isaiah 14:3",14
"Isaiah said, how hath the opressor ceased. Who was he to take up the proverb against?", the king of Babylon - Isaiah 14:4,14
"According to Isaiah 14:4, against whom shalt thou take up this proverb?"," The king of Babylon, Isaiah 14:4",14
"Complete the quotation: ""How hath the _____ ceased!"""," oppressor, Isaiah 14:4",14
"Complete the quotation: ""the _____ city ceased!"""," golden, Isaiah 14:4",14
"According to Isaiah 14:5, what hath the LORD broken?"," The staff of the wicked, and the sceptre of the rulers, Isaiah 14:5",14
"According to Isaiah 14:6, with what did he smite the people?"," In wrath with a continual stroke, Isaiah 14:6",14
"According to Isaiah 14:6, how did he rule the nations?"," In anger, Isaiah 14:6",14
"According to Isaiah 14:6, what is said of the one who persecuted?"," None hindereth, Isaiah 14:6",14
"According to Isaiah 14:7, what is at rest and quiet?"," The whole earth, Isaiah 14:7",14
"According to Isaiah 14:7, what do they break forth into?"," Singing, Isaiah 14:7",14
"According to Isaiah 14:8, what trees rejoice at thee?"," The fir trees and the cedars of Lebanon, Isaiah 14:8",14
"According to Isaiah 14:8, what do the cedars of Lebanon say no feller has come up against?"," Us, Isaiah 14:8",14
"According to Isaiah 14:9, what is moved for thee to meet thee at thy coming?"," Hell from beneath, Isaiah 14:9",14
"According to Isaiah 14:9, whom does hell stir up from the dead?"," All the chief ones of the earth, Isaiah 14:9",14
"According to Isaiah 14:9, who are brought up from their thrones?"," All the kings of the nations, Isaiah 14:9",14
"According to Isaiah 14:10, what shall they all speak and say unto thee?"," ""Art thou also become weak as we? art thou become like unto us?"", Isaiah 14:10",14
"According to Isaiah 14:11, what is brought down to the grave?"," Thy pomp and the noise of thy viols, Isaiah 14:11",14
"According to Isaiah 14:11, what is spread under thee?"," The worm, Isaiah 14:11",14
"According to Isaiah 14:11, what cover thee?"," The worms, Isaiah 14:11",14
"According to Isaiah, where was Lucifer fallen from?", Heaven - Isaiah 14:12,14
How did Isaiah describe Lucifer as?, son of the morning - Isaiah 14:12,14
What did Isaiah accuse Lucifer of doing?, Weaken the nations - Isaiah 14:12,14
"Complete the quotation from Isaiah 14:12: ""How art thou fallen from heaven, O _____, son of the morning!"""," Lucifer, Isaiah 14:12",14
"According to Isaiah 14:12, what had Lucifer weakened?"," The nations, Isaiah 14:12",14
"According to Isaiah 14:13, where had he said in his heart he would ascend?"," Into heaven, Isaiah 14:13",14
"According to Isaiah 14:13, above what would he exalt his throne?"," The stars of God, Isaiah 14:13",14
"According to Isaiah 14:13, upon what mount would he sit?"," The mount of the congregation, Isaiah 14:13",14
"According to Isaiah 14:13, in what sides would he sit upon the mount of the congregation?"," The sides of the north, Isaiah 14:13",14
What did Lucifer say he would ascend above?, the heights of the clouds - Isaiah 14:14,14
"According to Isaiah, what did Lucifer say he would be like?", the Most High - Isaiah 14:14,14
"According to Isaiah 14:14, above what would he ascend?"," The heights of the clouds, Isaiah 14:14",14
"Complete the quotation: ""I will be like the _____"""," most High, Isaiah 14:14",14
"Finish the verse, Yet thou shalt be brought down to hell", to the sides of the pit - Isaiah 14:15,14
"According to Isaiah 14:15, where shalt thou be brought down?"," To hell, to the sides of the pit, Isaiah 14:15",14
"They that see thee shall narrowly look upon thee, and consider thee, saying, Is this the man that made the earth to____, that did shake _____"," tremble, kingdoms  - Isaiah 14:16",14
"According to Isaiah 14:16, what will they narrowly look upon?"," Thee, Isaiah 14:16",14
"According to Isaiah 14:16, what question will they ask concerning him?"," ""Is this the man that made the earth to tremble, that did shake kingdoms?"", Isaiah 14:16",14
"According to Isaiah 14:17, what did he make like the wilderness?"," The world, Isaiah 14:17",14
"According to Isaiah 14:17, what did he destroy?"," The cities thereof, Isaiah 14:17",14
"According to Isaiah 14:17, whom did he not open the house of?"," His prisoners, Isaiah 14:17",14
"According to Isaiah 14:18, where do all the kings of the nations lie?"," In glory, every one in his own house, Isaiah 14:18",14
"According to Isaiah 14:19, what kind of branch art thou cast out of thy grave like?"," An abominable branch, Isaiah 14:19",14
"According to Isaiah 14:19, through what are those that go down to the stones of the pit thrust?"," A sword, Isaiah 14:19",14
"According to Isaiah 14:19, to what is he compared at the end of the verse?"," A carcase trodden under feet, Isaiah 14:19",14
"According to Isaiah 14:20, what had he destroyed?"," His land, Isaiah 14:20",14
"According to Isaiah 14:20, whom had he slain?"," His people, Isaiah 14:20",14
"According to Isaiah 14:20, whose seed shall never be renowned?"," The seed of evildoers, Isaiah 14:20",14
"According to Isaiah 14:21, for whose iniquity should slaughter be prepared for his children?"," The iniquity of their fathers, Isaiah 14:21",14
"According to Isaiah 14:21, what were they not to fill with cities?"," The face of the world, Isaiah 14:21",14
"FIB 2 blanks, ""For I will rise up against them, saith the Lord of hosts, and cut off from Babylon the ____, and _____, and son, and nephew, saith the Lord"," name, remnant  - Isaiah 14:22",14
"FIB 2 blanks, ""For I will rise up against them, saith the Lord of hosts, and cut off from Babylon the name, and remnant, and ____, and ____, saith the Lord"," son, nephew  - Isaiah 14:22",14
"According to Isaiah 14:22, what would the LORD cut off from Babylon?"," The name, and remnant, and son, and nephew, Isaiah 14:22",14
"According to Isaiah 14:23, what possession would Babylon become?"," The possession of the bittern, Isaiah 14:23",14
"According to Isaiah 14:23, with what would the LORD sweep Babylon?"," The besom of destruction, Isaiah 14:23",14
"According to Isaiah 14:24, who hath sworn?"," The LORD of hosts, Isaiah 14:24",14
"Complete the quotation from Isaiah 14:24: ""Surely as I have _____, so shall it come to pass"""," thought, Isaiah 14:24",14
"According to Isaiah 14:25, where would the LORD break the Assyrian?"," In my land, Isaiah 14:25",14
"According to Isaiah 14:25, where would the LORD tread him under foot?"," Upon my mountains, Isaiah 14:25",14
"According to Isaiah 14:26, upon whom is the hand stretched out?"," Upon all the nations, Isaiah 14:26",14
"According to Isaiah 14:27, whose hand is stretched out?"," The LORD of hosts', Isaiah 14:27",14
"According to Isaiah 14:28, in what year was this burden?"," The year that king Ahaz died, Isaiah 14:28",14
"According to Isaiah 14:32, what shall one then answer the messengers of the nation?"," That the LORD hath founded Zion, and the poor of his people shall trust in it, Isaiah 14:32",14
Bonus Question: For 5 points each list any 3 of ? Things that Lucifer said in his heart," I will ascend into heaven, I will exalt my throne above the stars of God, I  will sit also upon the mount of the congregation in the sides of the north, I will ascend above the hights of the clouds, I will be like the most High - Isaiah 14:13-14",14
Whose burden did Isaiah declare in chapter 13 of his prophecy?, Moab - Isaiah 15:1,15
"According to Isaiah 15:1, what is the subject of the burden in this chapter?"," Moab, Isaiah 15:1",15
"According to Isaiah 15:1, what city of Moab was laid waste and brought to silence in the night?"," Ar of Moab, Isaiah 15:1",15
"Complete the quotation: “Because in the night _____ of Moab is laid waste, and brought to silence”"," Ar, Isaiah 15:1",15
"According to Isaiah 15:1, what other city was laid waste and brought to silence in the night?"," Kir of Moab, Isaiah 15:1",15
Verse identification: In what verse is Ar of Moab and Kir of Moab said to be laid waste and brought to silence in the night?," Isaiah 15:1, Isaiah 15:1",15
In Isaiah chapter 13 what were Bajith and Dibon described as?, high places - Isaiah 15:2,15
Isaiah 15 said that Moab would do this over Nebo and Medeba, howl - Isaiah 15:2,15
"According to Isaiah 15:2, to what places did he go up to weep?"," Bajith and Dibon, Isaiah 15:2",15
"According to Isaiah 15:2, over which three places shall Moab howl?"," Nebo, Medeba, and Dibon, Isaiah 15:2",15
Complete the quotation: “On all their heads shall be _____”," baldness, Isaiah 15:2",15
Complete the quotation: “And every beard _____”," cut off, Isaiah 15:2",15
"According to Isaiah 15:2, whose heads would have baldness and whose beards would be cut off?"," Moab’s people, Isaiah 15:2",15
"According to Isaiah 15:2, on all their heads shall be what?"," Baldness, Isaiah 15:2",15
"According to Isaiah 15:3, what would they gird on in their streets?"," Sackcloth, Isaiah 15:3",15
"According to Isaiah 15:3, where besides the streets would they lament?"," On the tops of their houses, Isaiah 15:3",15
"Complete the quotation: “Every one shall _____, weeping abundantly”"," howl, Isaiah 15:3",15
"According to Isaiah 15:3, what would everyone be doing while howling?"," Weeping abundantly, Isaiah 15:3",15
"According to Isaiah 15:3, what would be girded upon them in the streets?"," Sackcloth, Isaiah 15:3",15
"According to Isaiah 15:4, what two cities shall cry out?"," Heshbon and Elealeh, Isaiah 15:4",15
"According to Isaiah 15:4, as far as what city shall their voice be heard?"," Jahaz, Isaiah 15:4",15
"According to Isaiah 15:4, who shall cry out because of this?"," The armed soldiers of Moab, Isaiah 15:4",15
Complete the quotation: “His life shall be _____ unto him”," grievous, Isaiah 15:4",15
"Pronoun identification: According to Isaiah 15:4, whose life shall be grievous unto him?"," The armed soldier of Moab, Isaiah 15:4",15
"According to Isaiah 15:4, as far as what city would the voice of Heshbon and Elealeh be heard?"," Jahaz, Isaiah 15:4",15
"According to Isaiah 15:5, for whom would the speaker’s heart cry out?"," Moab, Isaiah 15:5",15
"According to Isaiah 15:5, how far would Moab’s fugitives flee?"," Unto Zoar, Isaiah 15:5",15
"According to Isaiah 15:5, what description is given of Zoar?"," An heifer of three years old, Isaiah 15:5",15
"According to Isaiah 15:5, by what ascent would they go up with weeping?"," The ascent of Luhith, Isaiah 15:5",15
"According to Isaiah 15:5, in what way would they go up the ascent of Luhith?"," With weeping, Isaiah 15:5",15
"According to Isaiah 15:5, on what road would they raise up a cry of destruction?"," The way of Horonaim, Isaiah 15:5",15
Complete the quotation: “In the way of Horonaim they shall raise up a _____ of destruction”," cry, Isaiah 15:5",15
"List question: According to Isaiah 15:5, name the three locations associated with Moab’s fleeing and lamentation."," Zoar, Luhith, and Horonaim, Isaiah 15:5",15
"According to Isaiah 15:6, what condition would the waters of Nimrim be in?"," Desolate, Isaiah 15:6",15
"According to Isaiah 15:6, what would happen to the hay?"," It is withered away, Isaiah 15:6",15
"According to Isaiah 15:6, what would happen to the grass?"," It faileth, Isaiah 15:6",15
Complete the quotation: “There is no _____ thing”," green, Isaiah 15:6",15
"According to Isaiah 15:6, what kind of thing would no longer be found?"," A green thing, Isaiah 15:6",15
"According to Isaiah 15:7, what two things would they carry away?"," Their abundance and that which they have laid up, Isaiah 15:7",15
"According to Isaiah 15:7, unto what brook would they carry their possessions?"," The brook of the willows, Isaiah 15:7",15
Verse identification: In what verse is the brook of the willows mentioned?," Isaiah 15:7, Isaiah 15:7",15
What did Isaiah describe Eglaim and Beerelim as doing?, Howling - Isaiah 15:8,15
"According to Isaiah 15:8, what had gone round about the borders of Moab?"," The cry, Isaiah 15:8",15
"According to Isaiah 15:8, as far as what place would the howling thereof reach?"," Eglaim, Isaiah 15:8",15
"According to Isaiah 15:8, what second location is named as hearing the howling?"," Beer-elim, Isaiah 15:8",15
"Complete the quotation: “The howling thereof unto _____, and the howling thereof unto Beer-elim”"," Eglaim, Isaiah 15:8",15
"According to Isaiah 15:9, with what would the waters of Dimon be full?"," Blood, Isaiah 15:9",15
"According to Isaiah 15:9, what would the Lord bring upon Dimon?"," More, Isaiah 15:9",15
"According to Isaiah 15:9, what would come upon him that escapeth of Moab?"," A lion, Isaiah 15:9",15
"According to Isaiah 15:9, upon whom besides the escapees would the lion come?"," The remnant of the land, Isaiah 15:9",15
Complete the quotation: “For the waters of Dimon shall be full of _____”," blood, Isaiah 15:9",15
"According to Isaiah 15:9, who said, “I will bring more upon Dimon”?"," The LORD, Isaiah 15:9",15
"According to Isaiah 15, what city’s waters would be full of blood?"," Dimon, Isaiah 15:9",15
"List question: According to Isaiah 15, name four locations over which Moab shall howl or cry out."," Any four of Nebo, Medeba, Dibon, Heshbon, Elealeh, Jahaz, Eglaim, Beer-elim, Isaiah 15:2, 4, 8",15
Who did Isaiah say to send a lamb to?, the ruler of the land (from Sela to the wilderness) - Isaiah 16:1,16
"According to Isaiah 16:1, what were they commanded to send unto the ruler of the land?"," the lamb, Isaiah 16:1",16
"According to Isaiah 16:1, from where were they to send the lamb?"," from Sela to the wilderness, Isaiah 16:1",16
"According to Isaiah 16:1, to what mount was the lamb to be sent?"," the mount of the daughter of Zion, Isaiah 16:1",16
Isaiah said that as a wandering bird cast out of the nest so would these people be at the fords of Amnon, the daughters of Moab - Isaiah 16:2,16
"Complete the quotation from Isaiah 16:2: ""For it shall be, that, as a wandering bird cast out of the nest, so the daughters of _____ shall be"""," Moab, Isaiah 16:2",16
"According to Isaiah 16:2, where shall the daughters of Moab be?"," at the fords of Arnon, Isaiah 16:2",16
"According to Isaiah 16:3, what counsel is requested?"," Take counsel, Isaiah 16:3",16
"According to Isaiah 16:3, what is to be executed?"," judgment, Isaiah 16:3",16
"Complete the quotation: ""Make thy shadow as the _____ in the midst of the noonday"""," night, Isaiah 16:3",16
"According to Isaiah 16:3, whom were they told to hide?"," the outcasts, Isaiah 16:3",16
"According to Isaiah 16:3, whom were they instructed not to betray?"," him that wandereth, Isaiah 16:3",16
"According to Isaiah 16:3, complete the quotation: ""bewray not him that _____"""," wandereth, Isaiah 16:3",16
"According to Isaiah 16:4, who was invited to dwell with thee?"," Mine outcasts, Isaiah 16:4",16
"According to Isaiah 16:4, from whom was Moab to be a covert?"," from the face of the spoiler, Isaiah 16:4",16
"Complete the quotation from Isaiah 16:4: ""for the extortioner is at an end, the spoiler ceaseth, the oppressors are consumed out of the _____"""," land, Isaiah 16:4",16
"According to Isaiah 16:4, complete the quotation: ""Let mine outcasts dwell with thee, _____"""," Moab, Isaiah 16:4",16
"According to Isaiah 16:5, in what shall the throne be established?"," mercy, Isaiah 16:5",16
"According to Isaiah 16:5, where shall he sit upon the throne?"," in the tabernacle of David, Isaiah 16:5",16
"According to Isaiah 16:5, what three actions describe the one sitting upon the throne?"," judging, seeking judgment, and hasting righteousness, Isaiah 16:5",16
"According to Isaiah 16:5, who is the antecedent of the pronoun ""he"" in the phrase ""and he shall sit upon it""?"," the one whose throne is established in mercy, Isaiah 16:5",16
"FIB 3 blanks, We have heard of the ____ of Moab, he is very _____, even of his haughtiness, and his ____, and his wrath"," pride, proud, pride - Isaiah 16:6",16
"FIB 2 blanks, We have heard of the pride of Moab, he is very proud, even of his _____, and his pride, and his _____"," haughtiness, wrath - Isaiah 16:6",16
"According to Isaiah 16:6, what have we heard of Moab?"," that he is very proud, Isaiah 16:6",16
"According to Isaiah 16:6, name two specific traits of Moab mentioned in the verse."," pride and wrath, Isaiah 16:6",16
"Complete the quotation: ""but his lies shall not be _____"""," so, Isaiah 16:6",16
"According to Isaiah 16:6, list four characteristics attributed to Moab."," pride, arrogancy, pride, and wrath, Isaiah 16:6",16
"According to Isaiah 16:7, who shall howl for Moab?"," Moab, Isaiah 16:7",16
"According to Isaiah 16:7, for what shall they mourn?"," the foundations of Kirhareseth, Isaiah 16:7",16
"According to Isaiah 16:7, how shall they mourn for the foundations of Kirhareseth?"," surely they are stricken, Isaiah 16:7",16
"According to Isaiah 16:7, for whom shall everyone howl?"," for Moab, Isaiah 16:7",16
"According to Isaiah 16:8, what fields languish?"," the fields of Heshbon, Isaiah 16:8",16
"According to Isaiah 16:8, what plant of Sibmah is mentioned?"," the vine of Sibmah, Isaiah 16:8",16
"According to Isaiah 16:8, what had the lords of the heathen broken down?"," the principal plants thereof, Isaiah 16:8",16
"According to Isaiah 16:8, unto what two locations had the branches of the vine reached?"," Jazer and the wilderness, Isaiah 16:8",16
"According to Isaiah 16:8, over what had the branches spread themselves?"," the sea, Isaiah 16:8",16
"According to Isaiah 16:8, what had gone over the sea?"," her branches, Isaiah 16:8",16
"According to Isaiah 16:8, what had wandered through the wilderness?"," the branches of the vine, Isaiah 16:8",16
"According to Isaiah 16:9, with whose weeping would the speaker bewail the vine of Sibmah?"," the weeping of Jazer, Isaiah 16:9",16
"According to Isaiah 16:9, what two places would be watered with tears?"," Heshbon and Elealeh, Isaiah 16:9",16
"According to Isaiah 16:9, upon what had the shouting fallen?"," thy summer fruits and upon thy harvest, Isaiah 16:9",16
"According to Isaiah 16:9, what had fallen upon the summer fruits and harvest?"," the shouting, Isaiah 16:9",16
"According to Isaiah 16:10, what is taken away from the plentiful field?"," gladness, Isaiah 16:10",16
"According to Isaiah 16:10, what is taken away from the plentiful field and the fruitful field?"," joy, Isaiah 16:10",16
"According to Isaiah 16:10, what shall not be sung in the vineyards?"," songs, Isaiah 16:10",16
"According to Isaiah 16:10, what shall not be heard in the vineyards?"," shouting, Isaiah 16:10",16
"According to Isaiah 16:10, what will the treaders not tread out in their presses?"," wine, Isaiah 16:10",16
"Complete the quotation from Isaiah 16:10: ""I have made their vintage _____"""," shouting to cease, Isaiah 16:10",16
"According to Isaiah 16:11, what shall sound like a harp for Moab?"," my bowels, Isaiah 16:11",16
"According to Isaiah 16:11, for whom shall the inward parts sound like a harp?"," Kirharesh, Isaiah 16:11",16
"According to Isaiah 16:12, where shall Moab appear to be weary?"," on the high place, Isaiah 16:12",16
"According to Isaiah 16:12, where shall Moab come to pray?"," to his sanctuary, Isaiah 16:12",16
"According to Isaiah 16:12, what shall Moab not be able to do?"," prevail, Isaiah 16:12",16
"According to Isaiah 16:13, concerning whom had the LORD spoken this word since that time?"," Moab, Isaiah 16:13",16
Isaiah said that within this many years the glory of Moab would be contemned, three - Isaiah 16:14,16
"Isaiah said that within 3 years as the years of ""this"" the glory of Moab shall be contemned, what is this?", the yearss of an hierling - Isaiah 16:14,16
"Be specific, Isaiah said that within 3 years the glory of Moab would be contemned, how did he describe the remnant?", very small and feeble - Isaiah 16:14,16
"According to Isaiah 16:14, within how many years would the glory of Moab be contemned?"," within three years, Isaiah 16:14",16
"According to Isaiah 16:14, as what are the three years measured?"," as the years of an hireling, Isaiah 16:14",16
"According to Isaiah 16:14, with what would the glory of Moab be contemned?"," all that great multitude, Isaiah 16:14",16
"Complete the quotation from Isaiah 16:14: ""and the remnant shall be very _____ and feeble"""," small, Isaiah 16:14",16
"According to Isaiah 16:14, how is the remnant described after being very small?"," feeble, Isaiah 16:14",16
"Isaiah said that Damascus was  taken away from being a city, what would it become?", A ruinous heap - Isaiah 17:1,17
"According to Isaiah 17:1, what city is the burden concerning?"," Damascus, Isaiah 17:1",17
"According to Isaiah 17:1, Damascus shall be taken away from being what?"," A city, Isaiah 17:1",17
"Complete the quotation from Isaiah 17:1: ""and it shall be a _____ ruinous heap"""," ruinous, Isaiah 17:1",17
"According to Isaiah 17:2, whose cities are forsaken?"," Aroer, Isaiah 17:2",17
"According to Isaiah 17:2, what animals shall lie down in the forsaken cities?"," Flocks, Isaiah 17:2",17
"According to Isaiah 17:2, who shall make the flocks afraid?"," No one, Isaiah 17:2",17
"FIB 3 blanks, The fortress also shall cease from Ephraim, and the kingdom from _____, and the remnant of _____, they shall be as the glory of the children of _____, saith the Lord of hosts."," Damascus, Syria, Israel - Isaiah 17:3",17
"According to Isaiah 17:3, what shall cease from Ephraim?"," The fortress, Isaiah 17:3",17
"According to Isaiah 17:3, from what place shall the kingdom cease?"," Damascus, Isaiah 17:3",17
"According to Isaiah 17:3, the remnant of Syria shall be as the glory of whom?"," The children of Israel, Isaiah 17:3",17
"According to Isaiah 17:3, who declares the fate of Ephraim and Syria?"," The LORD of hosts, Isaiah 17:3",17
"According to Isaiah 17:3, what two things shall cease according to the verse?"," The fortress from Ephraim and the kingdom from Damascus, Isaiah 17:3",17
"According to Isaiah 17:4, what shall be made thin in that day?"," The glory of Jacob, Isaiah 17:4",17
"According to Isaiah 17:4, what part of Jacob shall wax fat no longer?"," The fatness of his flesh, Isaiah 17:4",17
"According to Isaiah 17:5, what harvest activity is used as an illustration?"," The harvestman gathering the corn, Isaiah 17:5",17
"According to Isaiah 17:5, where shall ears be gathered with the arm?"," In the valley of Rephaim, Isaiah 17:5",17
"According to Isaiah 17:5, what does the harvestman gather?"," The corn, Isaiah 17:5",17
"Complete the quotation from Isaiah 17:6: ""Yet gleaning grapes shall be left in it, as the shaking of an _____ tree"""," olive, Isaiah 17:6",17
"According to Isaiah 17:6, how many berries are left in the top of the uppermost bough?"," Two or three berries, Isaiah 17:6",17
"According to Isaiah 17:6, how many fruitful branches may have berries left in them?"," Four or five, Isaiah 17:6",17
"According to Isaiah 17:6, who speaks at the end of the verse?"," The LORD God of Israel, Isaiah 17:6",17
"According to Isaiah 17:6, list the two locations where berries remain after the shaking of an olive tree."," The top of the uppermost bough and the fruitful branches thereof, Isaiah 17:6",17
"According to Isaiah 17:7, unto whom shall a man look in that day?"," His Maker, Isaiah 17:7",17
"According to Isaiah 17:7, upon whom shall his eyes have respect?"," The Holy One of Israel, Isaiah 17:7",17
"According to Isaiah 17:7, who is identified by the pronoun in the phrase ""his eyes shall have respect""?"," A man, Isaiah 17:7",17
"According to Isaiah 17:7, who is called ""the Holy One of Israel""?"," The LORD, his Maker, Isaiah 17:7",17
"According to Isaiah 17:8, what shall a man not look to?"," The altars, the work of his hands, Isaiah 17:8",17
"According to Isaiah 17:8, what two things shall he not respect that his fingers have made?"," Groves and images, Isaiah 17:8",17
"According to Isaiah 17:8, whose hands made the altars that shall not be regarded?"," The man's hands, Isaiah 17:8",17
"According to Isaiah 17:9, what shall the strong cities be like in that day?"," A forsaken bough and an uppermost branch, Isaiah 17:9",17
"According to Isaiah 17:9, before whom were those places forsaken?"," Before the children of Israel, Isaiah 17:9",17
"According to Isaiah 17:9, what shall result from the forsaking of those places?"," Desolation, Isaiah 17:9",17
"According to Isaiah 17:10, whom had Israel forgotten?"," The God of thy salvation, Isaiah 17:10",17
"According to Isaiah 17:10, what had Israel not been mindful of?"," The rock of thy strength, Isaiah 17:10",17
"According to Isaiah 17:10, what pleasant thing would they plant?"," Pleasant plants, Isaiah 17:10",17
"According to Isaiah 17:10, what kind of slips would they set?"," Strange slips, Isaiah 17:10",17
"According to Isaiah 17:10, complete the quotation: ""Because thou hast forgotten the God of thy salvation, and hast not been mindful of the _____ of thy strength"""," rock, Isaiah 17:10",17
"According to Isaiah 17:11, when would they make their plant to grow?"," In the day shalt thou make thy plant to grow, Isaiah 17:11",17
"According to Isaiah 17:11, when would they make their seed to flourish?"," In the morning, Isaiah 17:11",17
"According to Isaiah 17:11, what would the harvest become?"," A heap, Isaiah 17:11",17
"According to Isaiah 17:11, in what kind of day would the harvest be a heap?"," The day of grief and of desperate sorrow, Isaiah 17:11",17
"According to Isaiah 17:12, what makes a noise like the noise of the seas?"," The multitude of many people, Isaiah 17:12",17
"According to Isaiah 17:12, what makes a rushing like the rushing of mighty waters?"," The rushing of nations, Isaiah 17:12",17
"According to Isaiah 17:12, complete the quotation: ""Woe to the multitude of many people, which make a noise like the noise of the _____"""," seas, Isaiah 17:12",17
"Complete the quotation from Isaiah 17:13: ""The nations shall rush like the rushing of many waters: but God shall _____ them"""," rebuke, Isaiah 17:13",17
"According to Isaiah 17:13, how far shall the nations flee after God's rebuke?"," Far off, Isaiah 17:13",17
"According to Isaiah 17:13, they shall be chased as what before the wind?"," The chaff of the mountains, Isaiah 17:13",17
"According to Isaiah 17:13, they shall be chased as what before the whirlwind?"," A rolling thing, Isaiah 17:13",17
"According to Isaiah 17:13, who shall rebuke the nations?"," God, Isaiah 17:13",17
"According to Isaiah 17:14, what time is specifically mentioned first?"," At eveningtide, Isaiah 17:14",17
"According to Isaiah 17:14, what is present at eveningtide?"," Trouble, Isaiah 17:14",17
"According to Isaiah 17:14, what time is specifically mentioned next?"," Before the morning, Isaiah 17:14",17
"According to Isaiah 17:14, what is the condition of the trouble before the morning?"," He is not, Isaiah 17:14",17
"According to Isaiah 17:14, this is the portion of those that do what to us?"," Spoil us, Isaiah 17:14",17
"According to Isaiah 17:14, this is the lot of them that do what to us?"," Rob us, Isaiah 17:14",17
"According to Isaiah 17:14, complete the quotation: ""and before the morning he is _____"""," not, Isaiah 17:14",17
How did Isaiah say the land beyond the rivers of Ethopia sent ambassadors?, by the sea (even in vessels of bulrushes) - Isaiah 18:1,18
" According to Isaiah 18:1, what land is addressed with the word ""Woe""?"," the land shadowing with wings, Isaiah 18:1",18
" Complete the quotation: ""Woe to the land _____ with wings"""," shadowing, Isaiah 18:1",18
" According to Isaiah 18:1, beyond what rivers was the land shadowing with wings?"," the rivers of Ethiopia, Isaiah 18:1",18
" According to Isaiah 18:1, what geographical feature is specifically mentioned in relation to Ethiopia?"," rivers, Isaiah 18:1",18
" According to Isaiah 18:2, what does the land send by the sea?"," ambassadors, Isaiah 18:2",18
" According to Isaiah 18:2, in what were the ambassadors sent upon the waters?"," vessels of bulrushes, Isaiah 18:2",18
" Complete the quotation: ""Go, ye swift _____"""," messengers, Isaiah 18:2",18
" According to Isaiah 18:2, to what kind of nation were the swift messengers sent?"," a nation scattered and peeled, Isaiah 18:2",18
" According to Isaiah 18:2, what description is given of the people beyond whom none had been before?"," terrible from their beginning hitherto, Isaiah 18:2",18
" According to Isaiah 18:2, what kind of nation is mentioned after ""terrible from their beginning hitherto""?"," a nation meted out and trodden down, Isaiah 18:2",18
" According to Isaiah 18:2, what had spoiled the land of the nation meted out and trodden down?"," the rivers, Isaiah 18:2",18
 List the two descriptions of the nation to whom the swift messengers were sent," scattered and peeled, meted out and trodden down, Isaiah 18:2",18
" According to Isaiah 18:3, who are called upon to see?"," all ye inhabitants of the world and dwellers on the earth, Isaiah 18:3",18
" According to Isaiah 18:3, what is lifted up on the mountains?"," an ensign, Isaiah 18:3",18
" According to Isaiah 18:3, what are the people told to do when the ensign is lifted up?"," see ye, Isaiah 18:3",18
" According to Isaiah 18:3, what is blown?"," a trumpet, Isaiah 18:3",18
" Complete the quotation: ""when he bloweth a _____, hear ye"""," trumpet, Isaiah 18:3",18
" According to Isaiah 18:4, who said, ""I will take my rest""?"," the LORD, Isaiah 18:4",18
" According to Isaiah 18:4, from what place would the LORD consider?"," my dwelling place, Isaiah 18:4",18
" According to Isaiah 18:4, what is compared to a clear heat upon herbs?"," the LORD's considering from His dwelling place, Isaiah 18:4",18
" According to Isaiah 18:4, what is compared to a cloud of dew in the heat of harvest?"," the LORD's considering from His dwelling place, Isaiah 18:4",18
" Complete the quotation: ""I will take my rest, and I will _____ in my dwelling place"""," consider, Isaiah 18:4",18
" According to Isaiah 18:5, before what event would the LORD act?"," the harvest, Isaiah 18:5",18
" According to Isaiah 18:5, what would become a ripening grape?"," the bud is perfect, Isaiah 18:5",18
" According to Isaiah 18:5, what would be cut off with pruning hooks?"," the sprigs, Isaiah 18:5",18
" According to Isaiah 18:5, what would be taken away and cut down?"," the branches, Isaiah 18:5",18
 List the two things that would be removed according to Isaiah 18:5," the sprigs and the branches, Isaiah 18:5",18
" According to Isaiah 18:6, unto whom would they be left together?"," the fowls of the mountains and to the beasts of the earth, Isaiah 18:6",18
" According to Isaiah 18:6, what would summer upon them?"," the fowls, Isaiah 18:6",18
" According to Isaiah 18:6, what would winter upon them?"," all the beasts of the earth, Isaiah 18:6",18
" According to Isaiah 18:6, where were the fowls located?"," of the mountains, Isaiah 18:6",18
" Complete the quotation: ""the fowls shall _____ upon them"""," summer, Isaiah 18:6",18
" According to Isaiah 18:7, what shall be brought unto the LORD of hosts?"," a present, Isaiah 18:7",18
" According to Isaiah 18:7, from what kind of people shall the present be brought?"," a people scattered and peeled, Isaiah 18:7",18
" According to Isaiah 18:7, what description is repeated concerning the people from whom the present comes?"," terrible from their beginning hitherto, Isaiah 18:7",18
" According to Isaiah 18:7, what kind of nation is mentioned in connection with the present?"," a nation meted out and trodden under foot, Isaiah 18:7",18
" According to Isaiah 18:7, what had spoiled their land?"," the rivers, Isaiah 18:7",18
" According to Isaiah 18:7, to what place shall the present be brought?"," the place of the name of the LORD of hosts, Isaiah 18:7",18
" According to Isaiah 18:7, what mountain is identified as the place of the name of the LORD of hosts?"," mount Zion, Isaiah 18:7",18
" Complete the quotation: ""to the place of the name of the LORD of hosts, the mount _____"""," Zion, Isaiah 18:7",18
" According to Isaiah 18:7, who is the recipient of the present?"," the LORD of hosts, Isaiah 18:7",18
 List the three descriptions of the people in Isaiah 18:7," scattered and peeled, terrible from their beginning hitherto, meted out and trodden under foot, Isaiah 18:7",18
" According to Isaiah 18:7, identify the antecedent of the pronoun ""their"" in the phrase ""whose land the rivers have spoiled"""," the people/nation scattered and peeled, Isaiah 18:7",18
" According to Isaiah 18:7, whose name is associated with mount Zion?"," the LORD of hosts, Isaiah 18:7",18
" According to Isaiah 18:7, what exact phrase describes the nation after ""meted out and""?"," trodden under foot, Isaiah 18:7",18
"Isaiah chapter 19 states the Lord is coming to Egypt, how does it say He is getting there?", Riding on a swift cloud - Isaiah 19:1,19
"According to Isaiah 19:1, against what country is the burden spoken?"," Egypt, Isaiah 19:1",19
"According to Isaiah 19:1, upon what is the LORD riding?"," A swift cloud, Isaiah 19:1",19
"Complete the quotation: ""the idols of Egypt shall be moved at his _____"""," presence, Isaiah 19:1",19
Who did the Lord say that He would set the Egyptians against? , the Egyptians - Isaiah 19:2,19
"According to Isaiah 19:2, whom will the LORD set against the Egyptians?"," The Egyptians against the Egyptians, Isaiah 19:2",19
"According to Isaiah 19:2, who shall fight every one against his brother?"," The Egyptians, Isaiah 19:2",19
"According to Isaiah 19:2, what two political groups are mentioned as fighting one against another?"," City against city and kingdom against kingdom, Isaiah 19:2",19
"According to Isaiah 19:3, what will fail in the midst of Egypt?"," The spirit of Egypt, Isaiah 19:3",19
"According to Isaiah 19:3, to whom will the Egyptians seek?"," The idols, charmers, them that have familiar spirits, and wizards, Isaiah 19:3",19
List the four groups mentioned in Isaiah 19:3 to whom the Egyptians shall seek.," Idols, charmers, them that have familiar spirits, and wizards, Isaiah 19:3",19
"According to Isaiah 19:4, into whose hand will the Egyptians be delivered?"," The hand of a cruel lord, Isaiah 19:4",19
"Complete the quotation: ""and a fierce king shall rule over them, saith the Lord, the LORD of _____"""," hosts, Isaiah 19:4",19
"According to Isaiah 19:5, what shall fail from the sea?"," The waters, Isaiah 19:5",19
"According to Isaiah 19:5, what shall be wasted and dried up?"," The river, Isaiah 19:5",19
"According to Isaiah 19:6, what shall the rivers do?"," Turn far away, Isaiah 19:6",19
"According to Isaiah 19:6, what shall wither?"," The reeds and flags, Isaiah 19:6",19
"According to Isaiah 19:7, beside what river will the paper reeds grow?"," The brooks of the Nile (the river), Isaiah 19:7",19
"According to Isaiah 19:7, what shall be driven away and be no more?"," Every thing sown by the river, Isaiah 19:7",19
"According to Isaiah 19:8, who shall lament because of conditions in Egypt?"," The fishers, Isaiah 19:8",19
"According to Isaiah 19:8, what two fishing methods are specifically mentioned?"," Casting angle into the brooks and spreading nets upon the waters, Isaiah 19:8",19
"According to Isaiah 19:9, what workers shall be confounded?"," They that work in fine flax and they that weave networks, Isaiah 19:9",19
"According to Isaiah 19:10, what shall be broken in the purposes thereof?"," The foundations, Isaiah 19:10",19
"According to Isaiah 19:10, whose souls shall be grieved?"," All that make sluices and ponds for fish, Isaiah 19:10",19
"According to Isaiah 19:11, of what city are the princes called fools?"," Zoan, Isaiah 19:11",19
"According to Isaiah 19:11, whose counsel is become brutish?"," The counsel of the wise counsellors of Pharaoh, Isaiah 19:11",19
"Complete the quotation: ""I am the son of the wise, the son of _____ kings"""," ancient, Isaiah 19:11",19
"According to Isaiah 19:12, what question is asked twice concerning Egypt's wise men?"," ""Where are they?"", Isaiah 19:12",19
"According to Isaiah 19:12, against whom had the LORD of hosts purposed something?"," Egypt, Isaiah 19:12",19
"According to Isaiah 19:13, what have the princes of Noph done?"," They are deceived, Isaiah 19:13",19
"According to Isaiah 19:13, who have caused Egypt to err?"," They that are the stay of the tribes thereof, Isaiah 19:13",19
"According to Isaiah 19:14, what spirit has the LORD mingled in the midst thereof?"," A perverse spirit, Isaiah 19:14",19
"According to Isaiah 19:14, to what person is Egypt compared in its erring?"," A drunken man that staggereth in his vomit, Isaiah 19:14",19
"According to Isaiah 19:15, what shall there be no work for in Egypt?"," The head or tail, branch or rush, Isaiah 19:15",19
List the four terms used in Isaiah 19:15 to describe those for whom there shall be no work.," Head, tail, branch, and rush, Isaiah 19:15",19
"According to Isaiah 19:16, Egypt shall be like unto whom?"," Women, Isaiah 19:16",19
"According to Isaiah 19:16, because of what shall Egypt be afraid?"," The shaking of the hand of the LORD of hosts, Isaiah 19:16",19
"According to Isaiah 19:17, what land shall be a terror unto Egypt?"," The land of Judah, Isaiah 19:17",19
"According to Isaiah 19:17, whose purpose causes fear in Egypt?"," The purpose of the LORD of hosts, Isaiah 19:17",19
"According to Isaiah 19:18, how many cities in Egypt shall speak the language of Canaan?"," Five cities, Isaiah 19:18",19
"According to Isaiah 19:18, by what shall those cities swear?"," The LORD of hosts, Isaiah 19:18",19
"According to Isaiah 19:18, what shall one city be called?"," The city of destruction, Isaiah 19:18",19
"According to Isaiah 19:19, what shall be in the midst of the land of Egypt?"," An altar to the LORD, Isaiah 19:19",19
"According to Isaiah 19:19, what shall be at the border thereof to the LORD?"," A pillar, Isaiah 19:19",19
"According to Isaiah 19:20, what shall the altar and pillar be in Egypt?"," A sign and for a witness unto the LORD of hosts, Isaiah 19:20",19
"According to Isaiah 19:20, what will the LORD send when they cry unto Him because of the oppressors?"," A saviour, and a great one, Isaiah 19:20",19
"According to Isaiah 19:21, who shall be known to Egypt?"," The LORD, Isaiah 19:21",19
"According to Isaiah 19:21, what two acts of worship are specifically mentioned?"," Sacrifice and oblation, Isaiah 19:21",19
"Complete the quotation: ""yea, they shall vow a vow unto the LORD, and _____ it"""," perform, Isaiah 19:21",19
"According to Isaiah 19:22, what two actions will the LORD do to Egypt?"," Smite and heal it, Isaiah 19:22",19
"According to Isaiah 19:22, unto whom shall Egypt return?"," The LORD, Isaiah 19:22",19
"According to Isaiah 19:23, between what two countries shall there be a highway?"," Egypt and Assyria, Isaiah 19:23",19
"According to Isaiah 19:23, who shall serve with the Egyptians?"," The Assyrians, Isaiah 19:23",19
"According to Isaiah 19:24, who shall be the third with Egypt and with Assyria?"," Israel, Isaiah 19:24",19
"According to Isaiah 19:24, what shall Israel be in the midst of the land?"," A blessing, Isaiah 19:24",19
"According to Isaiah 19:25, whom does the LORD call ""my people""?"," Egypt, Isaiah 19:25",19
"According to Isaiah 19:25, whom does the LORD call ""the work of my hands""?"," Assyria, Isaiah 19:25",19
"Complete the quotation from Isaiah 19:25: ""and Israel mine _____"""," inheritance, Isaiah 19:25",19
" According to Isaiah 20:1, in what year did Tartan come unto Ashdod?"," In the year that Tartan came unto Ashdod, Isaiah 20:1",20
" According to Isaiah 20:1, who sent Tartan?"," Sargon the king of Assyria, Isaiah 20:1",20
" According to Isaiah 20:1, to what city did Tartan come?"," Ashdod, Isaiah 20:1",20
" According to Isaiah 20:1, who fought against Ashdod?"," Tartan, Isaiah 20:1",20
" According to Isaiah 20:1, what did Tartan do to Ashdod?"," Took it, Isaiah 20:1",20
" Complete the quotation from Isaiah 20:1: ""Sargon the king of _____"""," Assyria, Isaiah 20:1",20
" According to Isaiah 20:2, by whom did the LORD speak?"," Isaiah the son of Amoz, Isaiah 20:2",20
" According to Isaiah 20:2, what was Isaiah commanded to loose from off his loins?"," The sackcloth, Isaiah 20:2",20
" According to Isaiah 20:2, what was Isaiah commanded to put off from his foot?"," Thy shoe, Isaiah 20:2",20
" According to Isaiah 20:2, how did Isaiah walk after obeying the command?"," Naked and barefoot, Isaiah 20:2",20
" Complete the quotation from Isaiah 20:2: ""Go and loose the _____ from off thy loins"""," sackcloth, Isaiah 20:2",20
" According to Isaiah 20:2, who said, ""Go and loose the sackcloth from off thy loins""?"," The LORD, Isaiah 20:2",20
" According to Isaiah 20:3, for how many years did Isaiah walk naked and barefoot?"," Three years, Isaiah 20:3",20
" According to Isaiah 20:3, Isaiah's walking naked and barefoot was a sign and wonder upon what two nations?"," Egypt and Ethiopia, Isaiah 20:3",20
" Complete the quotation from Isaiah 20:3: ""My servant Isaiah hath walked naked and barefoot _____ years"""," three, Isaiah 20:3",20
" According to Isaiah 20:3, who called Isaiah ""my servant""?"," The LORD, Isaiah 20:3",20
" According to Isaiah 20:3, what two things was Isaiah's action said to be?"," A sign and wonder, Isaiah 20:3",20
" According to Isaiah 20:4, whom would the king of Assyria lead away?"," The Egyptians prisoners and the Ethiopians captives, Isaiah 20:4",20
" According to Isaiah 20:4, what title is given to the Assyrian ruler in this verse?"," The king of Assyria, Isaiah 20:4",20
" According to Isaiah 20:4, how would the prisoners and captives be led away?"," Naked and barefoot, Isaiah 20:4",20
" According to Isaiah 20:4, what ages of captives would be led away?"," Young and old, Isaiah 20:4",20
" Complete the quotation from Isaiah 20:4: ""young and old, naked and barefoot, even with their _____ uncovered"""," buttocks, Isaiah 20:4",20
" According to Isaiah 20:4, whose shame would be revealed?"," Egypt's shame, Isaiah 20:4",20
 List the four descriptions given of the prisoners and captives in Isaiah 20:4.," Young, old, naked, and barefoot, Isaiah 20:4",20
" According to Isaiah 20:5, of whom would they be afraid?"," Ethiopia their expectation, Isaiah 20:5",20
" According to Isaiah 20:5, of whom would they be ashamed?"," Egypt their glory, Isaiah 20:5",20
" Complete the quotation from Isaiah 20:5: ""They shall be afraid and ashamed of _____ their expectation"""," Ethiopia, Isaiah 20:5",20
" Complete the quotation from Isaiah 20:5: ""and of Egypt their _____"""," glory, Isaiah 20:5",20
" According to Isaiah 20:5, what was Ethiopia called?"," Their expectation, Isaiah 20:5",20
" According to Isaiah 20:5, what was Egypt called?"," Their glory, Isaiah 20:5",20
" According to Isaiah 20:6, who would speak in that day?"," The inhabitant of this isle, Isaiah 20:6",20
" According to Isaiah 20:6, what word begins the statement of the inhabitant of this isle?"," Behold, Isaiah 20:6",20
" Complete the quotation from Isaiah 20:6: ""Behold, such is our _____"""," expectation, Isaiah 20:6",20
" According to Isaiah 20:6, to whom had the inhabitants fled for help?"," To be delivered from the king of Assyria, Isaiah 20:6",20
" According to Isaiah 20:6, from whom did they seek deliverance?"," The king of Assyria, Isaiah 20:6",20
" Complete the quotation from Isaiah 20:6: ""whither we flee for _____"""," help, Isaiah 20:6",20
" According to Isaiah 20:6, complete the quotation: ""to be delivered from the king of _____"""," Assyria, Isaiah 20:6",20
" According to Isaiah 20:6, what question did the inhabitant of this isle ask?"," How shall we escape?, Isaiah 20:6",20
" According to Isaiah 20:6, identify the antecedent of the pronoun ""we"" in the question, ""How shall we escape?"""," The inhabitant of this isle / the people speaking, Isaiah 20:6",20
" According to Isaiah 20:6, what two things had been sought from the place that was their expectation?"," Help and deliverance from the king of Assyria, Isaiah 20:6",20
" Verse identification: In what verse is the question, ""How shall we escape?"" found?"," Isaiah 20:6, Isaiah 20:6",20
" According to Isaiah 20:6, complete the quotation: ""such is our expectation, whither we flee for help to be _____"""," delivered, Isaiah 20:6",20
"God instructed Isaiah to go, set a watchman. What was the watchman to do?", let him declare what he seeth. - Isaiah 21:6,21
"How did Isaiah's watchman respond when he was told ""behold, here cometh a chariot of men, with a couple of horsemen?"""," he answered and said, Babylon is fallen, is fallen and all the graven images of her gods he hath broken unto the ground. - Isaiah 21:9",21
"According to Isaiah 22, God would lay the key to the house of David on Eliakim's shoulder. What would be the result when he shall open?", none shall shut. Isaiah 22:22,22
For how long would Tyre be forgotten?, Seventy years  Isaiah 23:15,23
"FIB 2 blanks, He will swallow up ____ in victory, and the Lord God will wipe away ____ from off all faces"," death, tears  Isaiah 25:8",25
"Complete the verse, And it shall be said in that day, Lo, this is our God, we have waited for him, and he will save us, this is the Lord, we have waited for him",  we will be glad and rejoice in his salvation. Isaiah 25:9,25
"What reason did Isaiah give when he stated, Thou wilt keep him in perfect peace, whose mind is stayed on thee?", because he  trusteth in thee (God) Isaiah 26:3,26
"Bonus Question: In Isaiah chapter 27, what two animals is leviathan described as?"," Crooked serpent, the dragon Isaiah 27:1",27
Who did Isaiah describe as a crooked serpent and a dragon?, Leviathan Isaiah 27:1,27
Isaiah said that the Lord would punish leviathan. What two words did he use to describe the serpent?, piercing and crooked Isaiah 27:1,27
"Complete the verse for Isaiah 28:10 - ""For precept must be upon precept, precept upon precept, line upon line, line upon line"," here a little, and there a little  Isaiah 28:10",28
"FIB 3 blanks, Therefore thus saith the Lord God, Behold, I lay in Zion for a foundation a ____, a tried ____, a precious corner ____, a sure foundation"," stone, stone, stone Isaiah 28:16",28
"Isaiah says that the bed is shorter than that a man can stretch himself on it, what did he say the covering is narrower than?", that he can wrap himself in it. Isaiah 28:20,28
"In what mount did Isaiah say that the Lord shall rise up to do his strange work, and bring to pass his strange act?", Perazim Isaiah 28:21,28
"In what valley did Isaiah say that the Lord shall wroth as in that he might do his strange work, and bring to pass his strange act?", Gibeon Isaiah 28:21,28
"Isaiah said the Lord shall rise up as in Mt Perazim, and be wroth in the valley of Gibeon, what 2 things did he say he would do and bring to pass?"," his strange work, his strange act Isaiah 28:21",28
"The Lord said, forasmuch as this people draw near me with their mouth, and with their lips honor me, what 2 faults did they have?"," Removed their hearts far from Him, and their fear taught by the precepts of men. Isaiah 29:13",29
"FIB 2 blanks, Surely your turning of things upside down shall be esteemed as the potter's clay, for shall the work say of him that made it, He made me not? or shall the thing ____ say of him that ____ it, He had no understanding?"," framed, framed Isaiah 29:16",29
"Complete the verse, ""And thine ears shall hear a word behind thee, saying, This is the way, walk ye in it","  when ye turn to the right hand, and when ye turn to the left. Isaiah 30:21",30
"FIB 2 blanks, Blessed are ye that ___ beside all ____, that send forth thither the feet of the ox and the ass"," sow, waters Isaiah 32:20",32